,ID,platform_type,platform_serial,meta_ID,variable,timestamp,value
0,1781153980,slocum,unit_397,1708,m_final_water_vy,1716924991037,0.0346676521003246
1,1781153979,slocum,unit_397,1707,m_final_water_vx,1716924991037,0.1689347177743911
2,1781145247,slocum,unit_397,2376,m_water_vy,1716927814594,0.0313928349568829
3,1781154875,slocum,unit_397,2376,m_water_vy,1716927814630,0.0313928349568829
4,1781145246,slocum,unit_397,2375,m_water_vx,1716927814639,0.144954710775437
5,1781154874,slocum,unit_397,2375,m_water_vx,1716927814670,0.144954710775437
6,1781154867,slocum,unit_397,1708,m_final_water_vy,1716927814920,0.0313928349568829
7,1781154866,slocum,unit_397,1707,m_final_water_vx,1716927814950,0.144954710775437
8,1781145239,slocum,unit_397,1708,m_final_water_vy,1716927814966,0.0313928349568829
9,1781145238,slocum,unit_397,1707,m_final_water_vx,1716927815007,0.144954710775437
10,1781154844,slocum,unit_397,1707,m_final_water_vx,1716927815045,0.144954710775437
11,1781154927,slocum,unit_397,2376,m_water_vy,1716927815200,0.0313928349568829
12,1781154926,slocum,unit_397,2375,m_water_vx,1716927815240,0.144954710775437
13,1781154919,slocum,unit_397,1708,m_final_water_vy,1716927815490,0.0313928349568829
14,1781154918,slocum,unit_397,1707,m_final_water_vx,1716927815520,0.144954710775437
15,1781251139,slocum,unit_397,1708,m_final_water_vy,1716928619273,0.0313928350806236
16,1781251138,slocum,unit_397,1707,m_final_water_vx,1716928619273,0.1449547111988067
17,1781250112,slocum,unit_397,1708,m_final_water_vy,1716934896449,0.0621521174907684
18,1781250111,slocum,unit_397,1707,m_final_water_vx,1716934896449,0.1311360001564026
19,1781227705,slocum,unit_397,2376,m_water_vy,1716934897140,0.0621521190784104
20,1781227704,slocum,unit_397,2375,m_water_vx,1716934897180,0.131136003171279
21,1781181844,slocum,unit_397,2376,m_water_vy,1716934897416,0.0621521190784104
22,1781181843,slocum,unit_397,2375,m_water_vx,1716934897449,0.131136003171279
23,1781227697,slocum,unit_397,1708,m_final_water_vy,1716934897470,0.0621521190784104
24,1781227696,slocum,unit_397,1707,m_final_water_vx,1716934897500,0.131136003171279
25,1781181836,slocum,unit_397,1708,m_final_water_vy,1716934897701,0.0621521190784104
26,1781181896,slocum,unit_397,2376,m_water_vy,1716934897729,0.0621521190784104
27,1781181835,slocum,unit_397,1707,m_final_water_vx,1716934897733,0.131136003171279
28,1781181895,slocum,unit_397,2375,m_water_vx,1716934897774,0.131136003171279
29,1781181792,slocum,unit_397,2376,m_water_vy,1716934897792,0.0621521190784104
30,1781181791,slocum,unit_397,2375,m_water_vx,1716934897837,0.131136003171279
31,1781181888,slocum,unit_397,1708,m_final_water_vy,1716934898101,0.0621521190784104
32,1781181887,slocum,unit_397,1707,m_final_water_vx,1716934898141,0.131136003171279
33,1781181784,slocum,unit_397,1708,m_final_water_vy,1716934898169,0.0621521190784104
34,1781181783,slocum,unit_397,1707,m_final_water_vx,1716934898208,0.131136003171279
35,1781227881,slocum,unit_397,1708,m_final_water_vy,1716944712000,0.0621521190784104
36,1781227889,slocum,unit_397,2376,m_water_vy,1716944712000,0.0621521190784104
37,1781227880,slocum,unit_397,1707,m_final_water_vx,1716944712000,0.131136003171279
38,1781227888,slocum,unit_397,2375,m_water_vx,1716944712000,0.131136003171279
39,1781227992,slocum,unit_397,2375,m_water_vx,1716944835000,0.131136003171279
40,1781227985,slocum,unit_397,1708,m_final_water_vy,1716944835000,0.0621521190784104
41,1781227984,slocum,unit_397,1707,m_final_water_vx,1716944835000,0.131136003171279
42,1781227993,slocum,unit_397,2376,m_water_vy,1716944835000,0.0621521190784104
43,1781228045,slocum,unit_397,2376,m_water_vy,1716944897000,0.0621521190784104
44,1781228044,slocum,unit_397,2375,m_water_vx,1716944897000,0.131136003171279
45,1781228037,slocum,unit_397,1708,m_final_water_vy,1716944897000,0.0621521190784104
46,1781228036,slocum,unit_397,1707,m_final_water_vx,1716944897000,0.131136003171279
47,1781228113,slocum,unit_397,2376,m_water_vy,1716945365000,0.0621521190784104
48,1781228104,slocum,unit_397,1707,m_final_water_vx,1716945365000,0.131136003171279
49,1781228112,slocum,unit_397,2375,m_water_vx,1716945365000,0.131136003171279
50,1781228105,slocum,unit_397,1708,m_final_water_vy,1716945365000,0.0621521190784104
51,1781228162,slocum,unit_397,1708,m_final_water_vy,1716945895000,0.0621521190784104
52,1781228169,slocum,unit_397,2375,m_water_vx,1716945895000,0.131136003171279
53,1781228161,slocum,unit_397,1707,m_final_water_vx,1716945895000,0.131136003171279
54,1781228170,slocum,unit_397,2376,m_water_vy,1716945895000,0.0621521190784104
55,1781251514,slocum,unit_397,1707,m_final_water_vx,1716947962322,0.1311360001564026
56,1781251515,slocum,unit_397,1708,m_final_water_vy,1716947962322,0.0621521174907684
57,1781251189,slocum,unit_397,2376,m_water_vy,1716949108778,0.119004543430102
58,1781251188,slocum,unit_397,2375,m_water_vx,1716949108822,0.219225329126867
59,1781251241,slocum,unit_397,2376,m_water_vy,1716949109259,0.119004543430102
60,1781251240,slocum,unit_397,2375,m_water_vx,1716949109293,0.219225329126867
61,1781251180,slocum,unit_397,1707,m_final_water_vx,1716949231000,0.131136003171279
62,1781251181,slocum,unit_397,1708,m_final_water_vy,1716949231000,0.0621521190784104
63,1781251232,slocum,unit_397,1707,m_final_water_vx,1716949308000,0.131136003171279
64,1781251233,slocum,unit_397,1708,m_final_water_vy,1716949308000,0.0621521190784104
65,1781270886,slocum,unit_397,1708,m_final_water_vy,1716949596140,0.124618836847125
66,1781270885,slocum,unit_397,1707,m_final_water_vx,1716949596180,0.204542262006814
67,1781251933,slocum,unit_397,2376,m_water_vy,1716949596411,0.124618836847125
68,1781251932,slocum,unit_397,2375,m_water_vx,1716949596446,0.204542262006814
69,1781251298,slocum,unit_397,2376,m_water_vy,1716949596615,0.124618836847125
70,1781251297,slocum,unit_397,2375,m_water_vx,1716949596660,0.204542262006814
71,1781251925,slocum,unit_397,1708,m_final_water_vy,1716949596699,0.124618836847125
72,1781251924,slocum,unit_397,1707,m_final_water_vx,1716949596733,0.204542262006814
73,1781251290,slocum,unit_397,1708,m_final_water_vy,1716949596989,0.124618836847125
74,1781251289,slocum,unit_397,1707,m_final_water_vx,1716949597027,0.204542262006814
75,1781271109,slocum,unit_397,1707,m_final_water_vx,1716951566013,0.204542264342308
76,1781271110,slocum,unit_397,1708,m_final_water_vy,1716951566013,0.1246188357472419
77,1781270894,slocum,unit_397,2376,m_water_vy,1716952724578,0.145738341278271
78,1781270893,slocum,unit_397,2375,m_water_vx,1716952724623,0.175100715638764
79,1781604832,slocum,unit_397,1708,m_final_water_vy,1716958183749,0.1477702856063842
80,1781604831,slocum,unit_397,1707,m_final_water_vx,1716958183749,0.1727644205093383
81,1781359491,slocum,unit_397,2376,m_water_vy,1716965128264,0.0783907044305044
82,1781359490,slocum,unit_397,2375,m_water_vx,1716965128297,0.211602241235486
83,1781338773,slocum,unit_397,2376,m_water_vy,1716965128583,0.0783907044305044
84,1781338772,slocum,unit_397,2375,m_water_vx,1716965128628,0.211602241235486
85,1781338765,slocum,unit_397,1708,m_final_water_vy,1716965247000,0.147770291776913
86,1781338764,slocum,unit_397,1707,m_final_water_vx,1716965247000,0.172764418377892
87,1781359482,slocum,unit_397,1707,m_final_water_vx,1716965322000,0.172764418377892
88,1781359483,slocum,unit_397,1708,m_final_water_vy,1716965322000,0.147770291776913
89,1781499760,slocum,unit_397,1708,m_final_water_vy,1716965616459,0.0797403305768966
90,1781499759,slocum,unit_397,1707,m_final_water_vx,1716965616459,0.2092247754335403
91,1781388278,slocum,unit_397,1708,m_final_water_vy,1716965617700,0.0797403276808846
92,1781388277,slocum,unit_397,1707,m_final_water_vx,1716965617700,0.209224781347422
93,1781388330,slocum,unit_397,1708,m_final_water_vy,1716965618200,0.0797403276808846
94,1781388329,slocum,unit_397,1707,m_final_water_vx,1716965618300,0.209224781347422
95,1781388286,slocum,unit_397,2376,m_water_vy,1716976349840,0.139083190108408
96,1781388285,slocum,unit_397,2375,m_water_vx,1716976349885,0.120960499436728
97,1781388338,slocum,unit_397,2376,m_water_vy,1716976350459,0.139083190108408
98,1781388337,slocum,unit_397,2375,m_water_vx,1716976350492,0.120960499436728
99,1781495231,slocum,unit_397,1708,m_final_water_vy,1716976837702,0.1397052407264709
100,1781495230,slocum,unit_397,1707,m_final_water_vx,1716976837702,0.1189524307847023
101,1781454515,slocum,unit_397,1707,m_final_water_vx,1716976839800,0.118952429133752
102,1781454516,slocum,unit_397,1708,m_final_water_vy,1716976839800,0.139705239623596
103,1781454524,slocum,unit_397,2376,m_water_vy,1716988344505,0.0992620846972167
104,1781454523,slocum,unit_397,2375,m_water_vx,1716988344539,0.0353477093615992
105,1781533658,slocum,unit_397,1708,m_final_water_vy,1716990825267,0.0994025021791458
106,1781533657,slocum,unit_397,1707,m_final_water_vx,1716990825267,0.0330970212817192
107,1781532958,slocum,unit_397,2376,m_water_vy,1716990826300,0.0994024999965288
108,1781532906,slocum,unit_397,2376,m_water_vy,1716990826300,0.0994024999965288
109,1781532905,slocum,unit_397,2375,m_water_vx,1716990826400,0.0330970198777824
110,1781532957,slocum,unit_397,2375,m_water_vx,1716990826400,0.0330970198777824
111,1781532898,slocum,unit_397,1708,m_final_water_vy,1716990826700,0.0994024999965288
112,1781532897,slocum,unit_397,1707,m_final_water_vx,1716990826700,0.0330970198777824
113,1781532949,slocum,unit_397,1707,m_final_water_vx,1716990826700,0.0330970198777824
114,1781532950,slocum,unit_397,1708,m_final_water_vy,1716990826700,0.0994024999965288
115,1781535323,slocum,unit_397,2376,m_water_vy,1716990826800,0.0994024999965288
116,1781535322,slocum,unit_397,2375,m_water_vx,1716990826800,0.0330970198777824
117,1781532854,slocum,unit_397,2376,m_water_vy,1716990826800,0.0994024999965288
118,1781532853,slocum,unit_397,2375,m_water_vx,1716990826900,0.0330970198777824
119,1781532846,slocum,unit_397,1708,m_final_water_vy,1716990827100,0.0994024999965288
120,1781535315,slocum,unit_397,1708,m_final_water_vy,1716990827100,0.0994024999965288
121,1781535314,slocum,unit_397,1707,m_final_water_vx,1716990827100,0.0330970198777824
122,1781532845,slocum,unit_397,1707,m_final_water_vx,1716990827200,0.0330970198777824
123,1781601277,slocum,unit_397,1707,m_final_water_vx,1717007281923,0.0330970212817192
124,1781601278,slocum,unit_397,1708,m_final_water_vy,1717007281923,0.0994025021791458
125,1781600203,slocum,unit_397,2376,m_water_vy,1717020806053,0.070501380747795
126,1781600202,slocum,unit_397,2375,m_water_vx,1717020806085,0.0818561438131101
127,1781600151,slocum,unit_397,2376,m_water_vy,1717020806137,0.070501380747795
128,1781600150,slocum,unit_397,2375,m_water_vx,1717020806183,0.0818561438131101
129,1781606633,slocum,unit_397,2376,m_water_vy,1717020806300,0.070501380747795
130,1781606632,slocum,unit_397,2375,m_water_vx,1717020806330,0.0818561438131101
131,1781600142,slocum,unit_397,1707,m_final_water_vx,1717020924000,0.0330970198777824
132,1781600143,slocum,unit_397,1708,m_final_water_vy,1717020924000,0.0994024999965288
133,1781600195,slocum,unit_397,1708,m_final_water_vy,1717021005000,0.0994024999965288
134,1781600194,slocum,unit_397,1707,m_final_water_vx,1717021005000,0.0330970198777824
135,1781606624,slocum,unit_397,1707,m_final_water_vx,1717023725000,0.0330970198777824
136,1781606625,slocum,unit_397,1708,m_final_water_vy,1717023725000,0.0994024999965288
137,1781694128,slocum,unit_397,1708,m_final_water_vy,1717023884132,0.0703984871506691
138,1781694127,slocum,unit_397,1707,m_final_water_vx,1717023884132,0.080496996641159
139,1781693103,slocum,unit_397,1708,m_final_water_vy,1717023885900,0.0703984895887534
140,1781693102,slocum,unit_397,1707,m_final_water_vx,1717023885900,0.080496993685394
141,1781693051,slocum,unit_397,1708,m_final_water_vy,1717023886000,0.0703984895887534
142,1781693050,slocum,unit_397,1707,m_final_water_vx,1717023886100,0.080496993685394
143,1781696984,slocum,unit_397,1708,m_final_water_vy,1717023886200,0.0703984895887534
144,1781696983,slocum,unit_397,1707,m_final_water_vx,1717023886300,0.080496993685394
145,1781693111,slocum,unit_397,2376,m_water_vy,1717040697793,0.110333461003218
146,1781693110,slocum,unit_397,2375,m_water_vx,1717040697826,0.0573755966412118
147,1781693059,slocum,unit_397,2376,m_water_vy,1717040697830,0.110333461003218
148,1781693058,slocum,unit_397,2375,m_water_vx,1717040697875,0.0573755966412118
149,1781696992,slocum,unit_397,2376,m_water_vy,1717040698134,0.110333461003218
150,1781696991,slocum,unit_397,2375,m_water_vx,1717040698168,0.0573755966412118
151,1781758976,slocum,unit_397,1707,m_final_water_vx,1717041648007,0.0543470121920108
152,1781758977,slocum,unit_397,1708,m_final_water_vy,1717041648007,0.1101684644818306
153,1781750827,slocum,unit_397,1707,m_final_water_vx,1717041649400,0.0543470107021775
154,1781750828,slocum,unit_397,1708,m_final_water_vy,1717041649400,0.110168466798203
155,1781750879,slocum,unit_397,1707,m_final_water_vx,1717041649600,0.0543470107021775
156,1781750880,slocum,unit_397,1708,m_final_water_vy,1717041649600,0.110168466798203
157,1781750836,slocum,unit_397,2376,m_water_vy,1717059181362,0.0444587339336968
158,1781750835,slocum,unit_397,2375,m_water_vx,1717059181404,0.0515405225179607
159,1781750888,slocum,unit_397,2376,m_water_vy,1717059181652,0.0444587339336968
160,1781750887,slocum,unit_397,2375,m_water_vx,1717059181684,0.0515405225179607
161,1781761995,slocum,unit_397,2376,m_water_vy,1717059353120,0.0449853047036517
162,1781761994,slocum,unit_397,2375,m_water_vx,1717059353150,0.0507656099228075
163,1781761987,slocum,unit_397,1708,m_final_water_vy,1717059353400,0.0449853047036517
164,1781761986,slocum,unit_397,1707,m_final_water_vx,1717059353440,0.0507656099228075
165,1781757783,slocum,unit_397,2376,m_water_vy,1717059353650,0.0449853047036517
166,1781757782,slocum,unit_397,2375,m_water_vx,1717059353680,0.0507656099228075
167,1781757835,slocum,unit_397,2376,m_water_vy,1717059353720,0.0449853047036517
168,1781761839,slocum,unit_397,2376,m_water_vy,1717059353720,0.0449853047036517
169,1781757627,slocum,unit_397,2376,m_water_vy,1717059353730,0.0449853047036517
170,1781757731,slocum,unit_397,2376,m_water_vy,1717059353740,0.0449853047036517
171,1781761838,slocum,unit_397,2375,m_water_vx,1717059353760,0.0507656099228075
172,1781757834,slocum,unit_397,2375,m_water_vx,1717059353760,0.0507656099228075
173,1781757626,slocum,unit_397,2375,m_water_vx,1717059353760,0.0507656099228075
174,1781757730,slocum,unit_397,2375,m_water_vx,1717059353780,0.0507656099228075
175,1781761891,slocum,unit_397,2376,m_water_vy,1717059353890,0.0449853047036517
176,1781761943,slocum,unit_397,2376,m_water_vy,1717059353890,0.0449853047036517
177,1781762047,slocum,unit_397,2376,m_water_vy,1717059353920,0.0449853047036517
178,1781761890,slocum,unit_397,2375,m_water_vx,1717059353920,0.0507656099228075
179,1781761942,slocum,unit_397,2375,m_water_vx,1717059353920,0.0507656099228075
180,1781757775,slocum,unit_397,1708,m_final_water_vy,1717059353930,0.0449853047036517
181,1781762046,slocum,unit_397,2375,m_water_vx,1717059353960,0.0507656099228075
182,1781757774,slocum,unit_397,1707,m_final_water_vx,1717059353970,0.0507656099228075
183,1781757827,slocum,unit_397,1708,m_final_water_vy,1717059354010,0.0449853047036517
184,1781757619,slocum,unit_397,1708,m_final_water_vy,1717059354010,0.0449853047036517
185,1781761831,slocum,unit_397,1708,m_final_water_vy,1717059354010,0.0449853047036517
186,1781757723,slocum,unit_397,1708,m_final_water_vy,1717059354030,0.0449853047036517
187,1781757826,slocum,unit_397,1707,m_final_water_vx,1717059354040,0.0507656099228075
188,1781761830,slocum,unit_397,1707,m_final_water_vx,1717059354040,0.0507656099228075
189,1781757618,slocum,unit_397,1707,m_final_water_vx,1717059354050,0.0507656099228075
190,1781757722,slocum,unit_397,1707,m_final_water_vx,1717059354060,0.0507656099228075
191,1781761883,slocum,unit_397,1708,m_final_water_vy,1717059354180,0.0449853047036517
192,1781761935,slocum,unit_397,1708,m_final_water_vy,1717059354180,0.0449853047036517
193,1781761934,slocum,unit_397,1707,m_final_water_vx,1717059354210,0.0507656099228075
194,1781762039,slocum,unit_397,1708,m_final_water_vy,1717059354210,0.0449853047036517
195,1781761882,slocum,unit_397,1707,m_final_water_vx,1717059354210,0.0507656099228075
196,1781762038,slocum,unit_397,1707,m_final_water_vx,1717059354240,0.0507656099228075
197,1781842870,slocum,unit_397,1707,m_final_water_vx,1717066647147,0.050765611231327
198,1781842871,slocum,unit_397,1708,m_final_water_vy,1717066647147,0.0449853055179119
199,1781845962,slocum,unit_397,2376,m_water_vy,1717080660650,0.106239603011968
200,1781845961,slocum,unit_397,2375,m_water_vx,1717080660700,0.0865536548987872
201,1781841454,slocum,unit_397,2376,m_water_vy,1717080660862,0.106239603011968
202,1781841500,slocum,unit_397,2376,m_water_vy,1717080660862,0.106239603011968
203,1781841499,slocum,unit_397,2375,m_water_vx,1717080660907,0.0865536548987872
204,1781841453,slocum,unit_397,2375,m_water_vx,1717080660907,0.0865536548987872
205,1781845546,slocum,unit_397,2376,m_water_vy,1717080661000,0.106239603011968
206,1781845545,slocum,unit_397,2375,m_water_vx,1717080661040,0.0865536548987872
207,1781841604,slocum,unit_397,2376,m_water_vy,1717080661301,0.106239603011968
208,1781841603,slocum,unit_397,2375,m_water_vx,1717080661335,0.0865536548987872
209,1781845650,slocum,unit_397,2376,m_water_vy,1717080661370,0.106239603011968
210,1781845649,slocum,unit_397,2375,m_water_vx,1717080661410,0.0865536548987872
211,1781841708,slocum,unit_397,2376,m_water_vy,1717080661552,0.106239603011968
212,1781841707,slocum,unit_397,2375,m_water_vx,1717080661585,0.0865536548987872
213,1781845598,slocum,unit_397,2376,m_water_vy,1717080661620,0.106239603011968
214,1781845597,slocum,unit_397,2375,m_water_vx,1717080661650,0.0865536548987872
215,1781845806,slocum,unit_397,2376,m_water_vy,1717080661730,0.106239603011968
216,1781845805,slocum,unit_397,2375,m_water_vx,1717080661760,0.0865536548987872
217,1781841552,slocum,unit_397,2376,m_water_vy,1717080661847,0.106239603011968
218,1781845702,slocum,unit_397,2376,m_water_vy,1717080661870,0.106239603011968
219,1781841551,slocum,unit_397,2375,m_water_vx,1717080661881,0.0865536548987872
220,1781845701,slocum,unit_397,2375,m_water_vx,1717080661910,0.0865536548987872
221,1781846014,slocum,unit_397,2376,m_water_vy,1717080661920,0.106239603011968
222,1781846013,slocum,unit_397,2375,m_water_vx,1717080661950,0.0865536548987872
223,1781841445,slocum,unit_397,1707,m_final_water_vx,1717080783000,0.0507656099228075
224,1781841446,slocum,unit_397,1708,m_final_water_vy,1717080783000,0.0449853047036517
225,1781841491,slocum,unit_397,1707,m_final_water_vx,1717080783000,0.0507656099228075
226,1781841492,slocum,unit_397,1708,m_final_water_vy,1717080783000,0.0449853047036517
227,1781841543,slocum,unit_397,1707,m_final_water_vx,1717080793000,0.0507656099228075
228,1781841544,slocum,unit_397,1708,m_final_water_vy,1717080793000,0.0449853047036517
229,1781841595,slocum,unit_397,1707,m_final_water_vx,1717080856000,0.0507656099228075
230,1781841596,slocum,unit_397,1708,m_final_water_vy,1717080856000,0.0449853047036517
231,1781841700,slocum,unit_397,1708,m_final_water_vy,1717080918000,0.0449853047036517
232,1781841699,slocum,unit_397,1707,m_final_water_vx,1717080918000,0.0507656099228075
233,1781845537,slocum,unit_397,1707,m_final_water_vx,1717083601000,0.0507656099228075
234,1781845538,slocum,unit_397,1708,m_final_water_vy,1717083601000,0.0449853047036517
235,1781845589,slocum,unit_397,1707,m_final_water_vx,1717083685000,0.0507656099228075
236,1781845590,slocum,unit_397,1708,m_final_water_vy,1717083685000,0.0449853047036517
237,1781845642,slocum,unit_397,1708,m_final_water_vy,1717084144000,0.0449853047036517
238,1781845641,slocum,unit_397,1707,m_final_water_vx,1717084144000,0.0507656099228075
239,1781845693,slocum,unit_397,1707,m_final_water_vx,1717084239000,0.0507656099228075
240,1781845694,slocum,unit_397,1708,m_final_water_vy,1717084239000,0.0449853047036517
241,1781845797,slocum,unit_397,1707,m_final_water_vx,1717084303000,0.0507656099228075
242,1781845798,slocum,unit_397,1708,m_final_water_vy,1717084303000,0.0449853047036517
243,1781845953,slocum,unit_397,1707,m_final_water_vx,1717084411000,0.0507656099228075
244,1781845954,slocum,unit_397,1708,m_final_water_vy,1717084411000,0.0449853047036517
245,1781846005,slocum,unit_397,1707,m_final_water_vx,1717084426000,0.0507656099228075
246,1781846006,slocum,unit_397,1708,m_final_water_vy,1717084426000,0.0449853047036517
247,1781962189,slocum,unit_397,1708,m_final_water_vy,1717084590920,0.1062230169773101
248,1781962188,slocum,unit_397,1707,m_final_water_vx,1717084590920,0.0845265388488769
249,1781960808,slocum,unit_397,1708,m_final_water_vy,1717084592100,0.106223016146589
250,1781966616,slocum,unit_397,1708,m_final_water_vy,1717084592200,0.106223016146589
251,1781960807,slocum,unit_397,1707,m_final_water_vx,1717084592200,0.0845265361652795
252,1781966615,slocum,unit_397,1707,m_final_water_vx,1717084592200,0.0845265361652795
253,1781960704,slocum,unit_397,1708,m_final_water_vy,1717084592500,0.106223016146589
254,1781960652,slocum,unit_397,1708,m_final_water_vy,1717084592600,0.106223016146589
255,1781960651,slocum,unit_397,1707,m_final_water_vx,1717084592600,0.0845265361652795
256,1781960703,slocum,unit_397,1707,m_final_water_vx,1717084592600,0.0845265361652795
257,1781960756,slocum,unit_397,1708,m_final_water_vy,1717084592700,0.106223016146589
258,1781960755,slocum,unit_397,1707,m_final_water_vx,1717084592700,0.0845265361652795
259,1781960816,slocum,unit_397,2376,m_water_vy,1717102321566,0.116222795135052
260,1781966624,slocum,unit_397,2376,m_water_vy,1717102321593,0.116222795135052
261,1781960815,slocum,unit_397,2375,m_water_vx,1717102321598,0.0800924145417387
262,1781966623,slocum,unit_397,2375,m_water_vx,1717102321627,0.0800924145417387
263,1781960660,slocum,unit_397,2376,m_water_vy,1717102321893,0.116222795135052
264,1781960659,slocum,unit_397,2375,m_water_vx,1717102321939,0.0800924145417387
265,1781960712,slocum,unit_397,2376,m_water_vy,1717102321965,0.116222795135052
266,1781960711,slocum,unit_397,2375,m_water_vx,1717102322000,0.0800924145417387
267,1781960764,slocum,unit_397,2376,m_water_vy,1717102322126,0.116222795135052
268,1781960763,slocum,unit_397,2375,m_water_vx,1717102322159,0.0800924145417387
269,1782102234,slocum,unit_397,1707,m_final_water_vx,1717103239977,0.0782708898186683
270,1782102235,slocum,unit_397,1708,m_final_water_vy,1717103239977,0.1165584921836853
271,1782097858,slocum,unit_397,1707,m_final_water_vx,1717103241600,0.0782708913358161
272,1782097859,slocum,unit_397,1708,m_final_water_vy,1717103241600,0.116558492167227
273,1782097807,slocum,unit_397,1708,m_final_water_vy,1717103241600,0.116558492167227
274,1782097806,slocum,unit_397,1707,m_final_water_vx,1717103241700,0.0782708913358161
275,1782097954,slocum,unit_397,1707,m_final_water_vx,1717103241700,0.0782708913358161
276,1782097955,slocum,unit_397,1708,m_final_water_vy,1717103241700,0.116558492167227
277,1782097815,slocum,unit_397,2376,m_water_vy,1717120049478,0.113611520456601
278,1782097867,slocum,unit_397,2376,m_water_vy,1717120049498,0.113611520456601
279,1782097814,slocum,unit_397,2375,m_water_vx,1717120049524,0.0167539326819655
280,1782097866,slocum,unit_397,2375,m_water_vx,1717120049532,0.0167539326819655
281,1782097963,slocum,unit_397,2376,m_water_vy,1717120049616,0.113611520456601
282,1782097962,slocum,unit_397,2375,m_water_vx,1717120049649,0.0167539326819655
283,1782105106,slocum,unit_397,2376,m_water_vy,1717120324822,0.113917725939838
284,1782105105,slocum,unit_397,2375,m_water_vx,1717120324854,0.0155640895220698
285,1782105158,slocum,unit_397,2376,m_water_vy,1717120324921,0.113917725939838
286,1782105210,slocum,unit_397,2376,m_water_vy,1717120324921,0.113917725939838
287,1782105157,slocum,unit_397,2375,m_water_vx,1717120324956,0.0155640895220698
288,1782105209,slocum,unit_397,2375,m_water_vx,1717120324956,0.0155640895220698
289,1782105098,slocum,unit_397,1708,m_final_water_vy,1717120325107,0.113917725939838
290,1782105097,slocum,unit_397,1707,m_final_water_vx,1717120325139,0.0155640895220698
291,1782105202,slocum,unit_397,1708,m_final_water_vy,1717120325205,0.113917725939838
292,1782105150,slocum,unit_397,1708,m_final_water_vy,1717120325205,0.113917725939838
293,1782105149,slocum,unit_397,1707,m_final_water_vx,1717120325239,0.0155640895220698
294,1782105201,slocum,unit_397,1707,m_final_water_vx,1717120325239,0.0155640895220698
295,1782105253,slocum,unit_397,1707,m_final_water_vx,1717121410000,0.0
296,1782105254,slocum,unit_397,1708,m_final_water_vy,1717121410000,0.0
297,1782105261,slocum,unit_397,2375,m_water_vx,1717121410000,0.0
298,1782105262,slocum,unit_397,2376,m_water_vy,1717121410000,0.0
299,1782105313,slocum,unit_397,2375,m_water_vx,1717121508000,0.0
300,1782105305,slocum,unit_397,1707,m_final_water_vx,1717121508000,0.0
301,1782105306,slocum,unit_397,1708,m_final_water_vy,1717121508000,0.0
302,1782105314,slocum,unit_397,2376,m_water_vy,1717121508000,0.0
303,1782105385,slocum,unit_397,2376,m_water_vy,1717122745981,0.175115647756628
304,1782105384,slocum,unit_397,2375,m_water_vx,1717122746028,-0.0004696777031508
305,1782105437,slocum,unit_397,2376,m_water_vy,1717122746045,0.175115647756628
306,1782105436,slocum,unit_397,2375,m_water_vx,1717122746080,-0.0004696777031508
307,1782105489,slocum,unit_397,2376,m_water_vy,1717122746273,0.175115647756628
308,1782105488,slocum,unit_397,2375,m_water_vx,1717122746305,-0.0004696777031508
309,1782105429,slocum,unit_397,1708,m_final_water_vy,1717122746332,0.175115647756628
310,1782105377,slocum,unit_397,1708,m_final_water_vy,1717122746353,0.175115647756628
311,1782105428,slocum,unit_397,1707,m_final_water_vx,1717122746364,-0.0004696777031508
312,1782105376,slocum,unit_397,1707,m_final_water_vx,1717122746393,-0.0004696777031508
313,1782105481,slocum,unit_397,1708,m_final_water_vy,1717122746557,0.175115647756628
314,1782105480,slocum,unit_397,1707,m_final_water_vx,1717122746589,-0.0004696777031508
315,1782105541,slocum,unit_397,2376,m_water_vy,1717122746698,0.175115647756628
316,1782105540,slocum,unit_397,2375,m_water_vx,1717122746731,-0.0004696777031508
317,1782105533,slocum,unit_397,1708,m_final_water_vy,1717122746981,0.175115647756628
318,1782105593,slocum,unit_397,2376,m_water_vy,1717122746994,0.175115647756628
319,1782105532,slocum,unit_397,1707,m_final_water_vx,1717122747014,-0.0004696777031508
320,1782105592,slocum,unit_397,2375,m_water_vx,1717122747027,-0.0004696777031508
321,1782105585,slocum,unit_397,1708,m_final_water_vy,1717122747277,0.175115647756628
322,1782105584,slocum,unit_397,1707,m_final_water_vx,1717122747310,-0.0004696777031508
323,1782105673,slocum,unit_397,2376,m_water_vy,1717124212025,0.131333927910747
324,1782105672,slocum,unit_397,2375,m_water_vx,1717124212072,0.0214183450771854
325,1782105637,slocum,unit_397,1708,m_final_water_vy,1717124212397,0.131333927910747
326,1782105665,slocum,unit_397,1708,m_final_water_vy,1717124212397,0.131333927910747
327,1782105777,slocum,unit_397,2376,m_water_vy,1717124212425,0.131333927910747
328,1782105664,slocum,unit_397,1707,m_final_water_vx,1717124212438,0.0214183450771854
329,1782105636,slocum,unit_397,1707,m_final_water_vx,1717124212438,0.0214183450771854
330,1782105776,slocum,unit_397,2375,m_water_vx,1717124212461,0.0214183450771854
331,1782108870,slocum,unit_397,2376,m_water_vy,1717124212690,0.131333927910747
332,1782108869,slocum,unit_397,2375,m_water_vx,1717124212724,0.0214183450771854
333,1782105769,slocum,unit_397,1708,m_final_water_vy,1717124212731,0.131333927910747
334,1782105768,slocum,unit_397,1707,m_final_water_vx,1717124212766,0.0214183450771854
335,1782108862,slocum,unit_397,1708,m_final_water_vy,1717124212973,0.131333927910747
336,1782108861,slocum,unit_397,1707,m_final_water_vx,1717124213006,0.0214183450771854
337,1782150922,slocum,unit_397,2375,m_water_vx,1717124213200,0.0214183450771854
338,1782150923,slocum,unit_397,2376,m_water_vy,1717124213200,0.131333927910747
339,1782150870,slocum,unit_397,2375,m_water_vx,1717124213200,0.0214183450771854
340,1782150871,slocum,unit_397,2376,m_water_vy,1717124213200,0.131333927910747
341,1782105725,slocum,unit_397,2376,m_water_vy,1717124213221,0.131333927910747
342,1782105724,slocum,unit_397,2375,m_water_vx,1717124213254,0.0214183450771854
343,1782150915,slocum,unit_397,1708,m_final_water_vy,1717124213500,0.131333927910747
344,1782150863,slocum,unit_397,1708,m_final_water_vy,1717124213500,0.131333927910747
345,1782105717,slocum,unit_397,1708,m_final_water_vy,1717124213505,0.131333927910747
346,1782105716,slocum,unit_397,1707,m_final_water_vx,1717124213537,0.0214183450771854
347,1782150914,slocum,unit_397,1707,m_final_water_vx,1717124213600,0.0214183450771854
348,1782150862,slocum,unit_397,1707,m_final_water_vx,1717124213600,0.0214183450771854
349,1782163852,slocum,unit_397,1707,m_final_water_vx,1717125109994,0.0214183442294597
350,1782163853,slocum,unit_397,1708,m_final_water_vy,1717125109994,0.1313339322805404
351,1782301302,slocum,unit_397,1707,m_final_water_vx,1717140508080,0.0214183442294597
352,1782301303,slocum,unit_397,1708,m_final_water_vy,1717140508080,0.1313339322805404
353,1782276235,slocum,unit_397,2376,m_water_vy,1717152357884,0.0417282475436267
354,1782270611,slocum,unit_397,2376,m_water_vy,1717152357903,0.0417282475436267
355,1782270559,slocum,unit_397,2376,m_water_vy,1717152357918,0.0417282475436267
356,1782276234,slocum,unit_397,2375,m_water_vx,1717152357918,0.0587135804553166
357,1782270610,slocum,unit_397,2375,m_water_vx,1717152357935,0.0587135804553166
358,1782303884,slocum,unit_397,2376,m_water_vy,1717152357950,0.0417282475436267
359,1782270558,slocum,unit_397,2375,m_water_vx,1717152357964,0.0587135804553166
360,1782303883,slocum,unit_397,2375,m_water_vx,1717152357980,0.0587135804553166
361,1782273519,slocum,unit_397,2376,m_water_vy,1717152358043,0.0417282475436267
362,1782273518,slocum,unit_397,2375,m_water_vx,1717152358076,0.0587135804553166
363,1782270550,slocum,unit_397,1707,m_final_water_vx,1717152476000,0.0214183450771854
364,1782270551,slocum,unit_397,1708,m_final_water_vy,1717152476000,0.131333927910747
365,1782270602,slocum,unit_397,1707,m_final_water_vx,1717152490000,0.0214183450771854
366,1782270603,slocum,unit_397,1708,m_final_water_vy,1717152490000,0.131333927910747
367,1782273511,slocum,unit_397,1708,m_final_water_vy,1717152552000,0.131333927910747
368,1782273510,slocum,unit_397,1707,m_final_water_vx,1717152552000,0.0214183450771854
369,1782276226,slocum,unit_397,1707,m_final_water_vx,1717152613000,0.0214183450771854
370,1782276227,slocum,unit_397,1708,m_final_water_vy,1717152613000,0.131333927910747
371,1782303875,slocum,unit_397,1707,m_final_water_vx,1717154167000,0.0214183450771854
372,1782303876,slocum,unit_397,1708,m_final_water_vy,1717154167000,0.131333927910747
373,1782461963,slocum,unit_397,1708,m_final_water_vy,1717154330728,0.0415643043816089
374,1782461962,slocum,unit_397,1707,m_final_water_vx,1717154330728,0.0571222268044948
375,1782441153,slocum,unit_397,1707,m_final_water_vx,1717154332000,0.0571222275363671
376,1782441154,slocum,unit_397,1708,m_final_water_vy,1717154332000,0.0415643052768213
377,1782464277,slocum,unit_397,1707,m_final_water_vx,1717154332400,0.0571222275363671
378,1782441027,slocum,unit_397,1707,m_final_water_vx,1717154332400,0.0571222275363671
379,1782441028,slocum,unit_397,1708,m_final_water_vy,1717154332400,0.0415643052768213
380,1782464278,slocum,unit_397,1708,m_final_water_vy,1717154332400,0.0415643052768213
381,1782441102,slocum,unit_397,1708,m_final_water_vy,1717154332600,0.0415643052768213
382,1782441101,slocum,unit_397,1707,m_final_water_vx,1717154332600,0.0571222275363671
383,1782440975,slocum,unit_397,1707,m_final_water_vx,1717154332600,0.0571222275363671
384,1782440976,slocum,unit_397,1708,m_final_water_vy,1717154332600,0.0415643052768213
385,1782441162,slocum,unit_397,2376,m_water_vy,1717169839806,0.0940469719131834
386,1782441161,slocum,unit_397,2375,m_water_vx,1717169839837,0.0126434747452505
387,1782441036,slocum,unit_397,2376,m_water_vy,1717169840173,0.0940469719131834
388,1782441035,slocum,unit_397,2375,m_water_vx,1717169840204,0.0126434747452505
389,1782464286,slocum,unit_397,2376,m_water_vy,1717169840210,0.0940469719131834
390,1782464285,slocum,unit_397,2375,m_water_vx,1717169840240,0.0126434747452505
391,1782440984,slocum,unit_397,2376,m_water_vy,1717169840334,0.0940469719131834
392,1782441110,slocum,unit_397,2376,m_water_vy,1717169840343,0.0940469719131834
393,1782440983,slocum,unit_397,2375,m_water_vx,1717169840376,0.0126434747452505
394,1782441109,slocum,unit_397,2375,m_water_vx,1717169840378,0.0126434747452505
395,1782504447,slocum,unit_397,1708,m_final_water_vy,1717171969200,0.0933126885467555
396,1782504446,slocum,unit_397,1707,m_final_water_vx,1717171969300,0.0104654052380708
397,1782507384,slocum,unit_397,1708,m_final_water_vy,1717171969900,0.0933126885467555
398,1782507383,slocum,unit_397,1707,m_final_water_vx,1717171970000,0.0104654052380708
399,1782507451,slocum,unit_397,1707,m_final_water_vx,1717171970100,0.0104654052380708
400,1782507452,slocum,unit_397,1708,m_final_water_vy,1717171970100,0.0933126885467555
401,1782504499,slocum,unit_397,1708,m_final_water_vy,1717171970300,0.0933126885467555
402,1782504498,slocum,unit_397,1707,m_final_water_vx,1717171970400,0.0104654052380708
403,1782504455,slocum,unit_397,2376,m_water_vy,1717188282880,0.0694656680615093
404,1782504454,slocum,unit_397,2375,m_water_vx,1717188282923,0.0785739859336526
405,1782507392,slocum,unit_397,2376,m_water_vy,1717188283681,0.0694656680615093
406,1782507391,slocum,unit_397,2375,m_water_vx,1717188283714,0.0785739859336526
407,1782507460,slocum,unit_397,2376,m_water_vy,1717188283813,0.0694656680615093
408,1782507459,slocum,unit_397,2375,m_water_vx,1717188283846,0.0785739859336526
409,1782504507,slocum,unit_397,2376,m_water_vy,1717188284076,0.0694656680615093
410,1782504506,slocum,unit_397,2375,m_water_vx,1717188284109,0.0785739859336526
