,datetime,m_water_vx,m_water_vy,m_lat,m_lon
0,2024-05-28 19:06:14.000,0.0,0.0,59.93949247884943,-23.931120446609725
1,2024-05-28 19:17:32.915,0.139752634576166,0.015624664909037,59.95358167122769,-23.95473500615252
2,2024-05-28 19:21:42.402,0.109309717571756,0.11404960163241,59.96236397457551,-23.970321782572984
3,2024-05-28 19:21:42.450,0.109309717571756,0.11404960163241,59.96236397457551,-23.970321782572984
4,2024-05-28 19:21:42.469,0.109309717571756,0.11404960163241,59.96236397457551,-23.970321782572984
5,2024-05-28 19:21:42.580,0.109309717571756,0.11404960163241,59.96236397457551,-23.970321782572984
6,2024-05-28 19:21:42.669,0.109309717571756,0.11404960163241,59.96236397457551,-23.970321782572984
7,2024-05-28 19:21:42.678,0.109309717571756,0.11404960163241,59.96236397457551,-23.970321782572984
8,2024-05-28 19:21:42.823,0.109309717571756,0.11404960163241,59.96236397457551,-23.970321782572984
9,2024-05-28 19:21:42.886,0.109309717571756,0.11404960163241,59.96236397457551,-23.970321782572984
10,2024-05-28 19:21:43.037,0.109309717571756,0.11404960163241,59.96236397457551,-23.970321782572984
11,2024-05-28 19:24:17.559,0.245952856644698,-0.0370891716217179,59.941639022719045,-23.93355998272061
12,2024-05-28 19:24:17.997,0.245952856644698,-0.0370891716217179,59.941639022719045,-23.93355998272061
13,2024-05-28 20:06:22.417,0.250050556132842,0.0084096912050285,59.97427997058301,-23.98257852071212
14,2024-05-28 20:06:23.129,0.250050556132842,0.0084096912050285,59.97427997058301,-23.98257852071212
15,2024-05-28 20:06:23.133,0.250050556132842,0.0084096912050285,59.97427997058301,-23.98257852071212
16,2024-05-28 20:06:23.457,0.250050556132842,0.0084096912050285,59.97427997058301,-23.98257852071212
17,2024-05-28 20:14:59.832,0.106909618386461,0.0380148674781489,59.94865170833062,-23.942343190440457
18,2024-05-28 20:14:59.992,0.106909618386461,0.0380148674781489,59.94865170833062,-23.942343190440457
19,2024-05-28 20:15:00.138,0.106909618386461,0.0380148674781489,59.94865170833062,-23.942343190440457
20,2024-05-28 20:15:00.462,0.106909618386461,0.0380148674781489,59.94865170833062,-23.942343190440457
21,2024-05-28 20:15:00.465,0.106909618386461,0.0380148674781489,59.94865170833062,-23.942343190440457
22,2024-05-28 20:23:34.639,0.144954710775437,0.0313928349568829,59.956771523245486,-23.957301316866907
23,2024-05-28 20:23:34.670,0.144954710775437,0.0313928349568829,59.956771523245486,-23.957301316866907
24,2024-05-28 20:23:35.240,0.144954710775437,0.0313928349568829,59.956771523245486,-23.957301316866907
25,2024-05-28 21:07:22.780,0.109725436625377,0.0098162123473884,59.97179630930893,-23.968511665347933
26,2024-05-28 21:07:22.967,0.109725436625377,0.0098162123473884,59.97179630930893,-23.968511665347933
27,2024-05-28 21:07:23.052,0.109725436625377,0.0098162123473884,59.97179630930893,-23.968511665347933
28,2024-05-28 21:07:23.651,0.109725436625377,0.0098162123473884,59.97179630930893,-23.968511665347933
29,2024-05-28 21:07:23.739,0.109725436625377,0.0098162123473884,59.97179630930893,-23.968511665347933
30,2024-05-28 21:50:59.056,0.217758691230236,0.0375049489030973,59.98145000456959,-23.95851000620892
31,2024-05-28 21:50:59.800,0.217758691230236,0.0375049489030973,59.98145000456959,-23.95851000620892
32,2024-05-28 21:50:59.899,0.217758691230236,0.0375049489030973,59.98145000456959,-23.95851000620892
33,2024-05-28 21:54:26.941,0.128444557614057,0.018172854614894,59.96687814850987,-23.95665052441725
34,2024-05-28 21:54:26.959,0.128444557614057,0.018172854614894,59.96687814850987,-23.95665052441725
35,2024-05-28 21:54:27.145,0.128444557614057,0.018172854614894,59.96687814850987,-23.95665052441725
36,2024-05-28 22:21:37.180,0.131136003171279,0.0621521190784104,59.96742000456937,-23.93852333926868
37,2024-05-28 22:21:37.449,0.131136003171279,0.0621521190784104,59.96742000456937,-23.93852333926868
38,2024-05-28 22:21:37.774,0.131136003171279,0.0621521190784104,59.96742000456937,-23.93852333926868
39,2024-05-28 22:21:37.837,0.131136003171279,0.0621521190784104,59.96742000456937,-23.93852333926868
40,2024-05-28 23:38:41.477,0.0867294224115504,0.0362552367149199,59.98421667123271,-23.97758500647885
41,2024-05-28 23:38:42.118,0.0867294224115504,0.0362552367149199,59.98421667123271,-23.97758500647885
42,2024-05-28 23:38:42.166,0.0867294224115504,0.0362552367149199,59.98421667123271,-23.97758500647885
43,2024-05-29 00:15:58.152,0.0886084540035451,0.0210398804867332,59.9757420655909,-23.95894809377756
44,2024-05-29 00:15:58.630,0.0886084540035451,0.0210398804867332,59.9757420655909,-23.95894809377756
45,2024-05-29 00:15:58.896,0.0886084540035451,0.0210398804867332,59.9757420655909,-23.95894809377756
46,2024-05-29 00:15:59.060,0.0886084540035451,0.0210398804867332,59.9757420655909,-23.95894809377756
47,2024-05-29 00:58:35.307,0.132207371678932,0.0315343906389223,59.98725333790332,-23.96516667296937
48,2024-05-29 00:58:36.190,0.132207371678932,0.0315343906389223,59.98725333790332,-23.96516667296937
49,2024-05-29 00:58:36.299,0.132207371678932,0.0315343906389223,59.98725333790332,-23.96516667296937
50,2024-05-29 01:05:12.000,0.131136003171279,0.0621521190784104,59.98660888096791,-23.9903068856926
51,2024-05-29 01:07:15.000,0.131136003171279,0.0621521190784104,59.98625720268301,-23.99009287152652
52,2024-05-29 01:08:17.000,0.131136003171279,0.0621521190784104,59.98607681409941,-23.98995064218637
53,2024-05-29 01:16:05.000,0.131136003171279,0.0621521190784104,59.988204853883296,-23.979484395198288
54,2024-05-29 01:24:55.000,0.131136003171279,0.0621521190784104,59.98132833790831,-23.93430500588151
55,2024-05-29 02:18:28.822,0.219225329126867,0.119004543430102,59.98442333790969,-23.932928339197165
56,2024-05-29 02:18:29.293,0.219225329126867,0.119004543430102,59.98442333790969,-23.932928339197165
57,2024-05-29 02:26:36.446,0.204542262006814,0.124618836847125,59.98434000457678,-23.930760005835328
58,2024-05-29 02:26:36.660,0.204542262006814,0.124618836847125,59.98434000457678,-23.930760005835328
59,2024-05-29 02:48:55.643,0.142326869726864,0.0057650412292234,59.98800833790349,-23.96562667297597
60,2024-05-29 02:48:55.943,0.142326869726864,0.0057650412292234,59.98800833790349,-23.96562667297597
61,2024-05-29 03:18:44.623,0.175100715638764,0.145738341278271,59.985145004576346,-23.93398833921123
62,2024-05-29 03:28:53.845,0.123031036732624,0.0163167181290943,59.98944500456968,-23.96980000636844
63,2024-05-29 03:28:53.883,0.123031036732624,0.0163167181290943,59.98944500456968,-23.96980000636844
64,2024-05-29 03:28:53.910,0.123031036732624,0.0163167181290943,59.98944500456968,-23.96980000636844
65,2024-05-29 04:06:21.096,0.196115045778569,-0.0223001112730274,59.98916500457302,-23.954958339494404
66,2024-05-29 04:06:22.018,0.196115045778569,-0.0223001112730274,59.98916500457302,-23.954958339494404
67,2024-05-29 06:25:13.583,0.158464358073172,-0.0151735155923443,59.98447667123814,-23.95481833949174
68,2024-05-29 06:25:13.670,0.158464358073172,-0.0151735155923443,59.98447667123814,-23.95481833949174
69,2024-05-29 06:25:14.363,0.158464358073172,-0.0151735155923443,59.98447667123814,-23.95481833949174
70,2024-05-29 06:45:28.297,0.211602241235486,0.0783907044305044,59.99857167124536,-23.943971672679627
71,2024-05-29 06:45:28.628,0.211602241235486,0.0783907044305044,59.987004874429736,-23.97728040969943
72,2024-05-29 06:47:02.657,0.126184512818341,0.0066806451594472,59.985630004569614,-23.964388339624847
73,2024-05-29 06:47:02.686,0.126184512818341,0.0066806451594472,59.985630004569614,-23.964388339624847
74,2024-05-29 06:47:03.072,0.126184512818341,0.0066806451594472,59.985630004569614,-23.964388339624847
75,2024-05-29 07:44:06.318,0.142332813951113,-0.0614519057246915,59.99558885243021,-23.95350194493945
76,2024-05-29 07:44:06.526,0.142332813951113,-0.0614519057246915,59.99558885243021,-23.95350194493945
77,2024-05-29 07:44:07.299,0.142332813951113,-0.0614519057246915,59.99558885243021,-23.95350194493945
78,2024-05-29 09:48:24.432,0.0788660528701422,0.0152342353590756,59.984786671233984,-23.97302833974696
79,2024-05-29 09:48:24.450,0.0788660528701422,0.0152342353590756,59.984786671233984,-23.97302833974696
80,2024-05-29 09:48:24.550,0.0788660528701422,0.0152342353590756,59.984786671233984,-23.97302833974696
81,2024-05-29 09:52:29.885,0.120960499436728,0.139083190108408,59.98634844606383,-23.985356249511785
82,2024-05-29 09:52:30.492,0.120960499436728,0.139083190108408,59.98634844606383,-23.985356249511785
83,2024-05-29 10:00:30.018,0.116729619999148,0.0145258095324492,59.98848000456987,-23.96743000633478
84,2024-05-29 10:00:30.260,0.116729619999148,0.0145258095324492,59.98848000456987,-23.96743000633478
85,2024-05-29 10:32:17.900,0.0772572100313087,0.0152728430607053,59.985651671235765,-23.966673339657003
86,2024-05-29 10:32:18.300,0.0772572100313087,0.0152728430607053,59.985651671235765,-23.966673339657003
87,2024-05-29 10:32:18.500,0.0772572100313087,0.0152728430607053,59.985651671235765,-23.966673339657003
88,2024-05-29 12:47:06.322,0.140428240877332,0.0116350422731719,59.99027000457478,-23.94879000607688
89,2024-05-29 12:47:06.464,0.140428240877332,0.0116350422731719,59.99027000457478,-23.94879000607688
90,2024-05-29 12:47:06.630,0.140428240877332,0.0116350422731719,59.99027000457478,-23.94879000607688
91,2024-05-29 13:12:24.539,0.0353477093615992,0.0992620846972167,59.99312167123408,-23.984358339911832
92,2024-05-29 13:34:15.163,0.10725395219274,0.0350347065754622,59.98745833790284,-23.96760667300376
93,2024-05-29 13:34:15.307,0.10725395219274,0.0350347065754622,59.98745833790284,-23.96760667300376
94,2024-05-29 13:34:15.445,0.10725395219274,0.0350347065754622,59.98745833790284,-23.96760667300376
95,2024-05-29 13:34:15.700,0.10725395219274,0.0350347065754622,59.98745833790284,-23.96760667300376
96,2024-05-29 13:53:46.400,0.0330970198777824,0.0994024999965288,59.99437500457044,-23.973530006422298
97,2024-05-29 13:53:46.800,0.0330970198777824,0.0994024999965288,59.99437500457044,-23.973530006422298
98,2024-05-29 13:53:46.900,0.0330970198777824,0.0994024999965288,59.99437500457044,-23.973530006422298
99,2024-05-29 16:54:12.325,0.167245786971037,0.0012754772501673,59.985866988200286,-23.98839612768388
100,2024-05-29 17:50:10.976,0.159989588579561,-0.0402941630051423,59.98747333790799,-23.945118339360064
101,2024-05-29 17:50:11.213,0.159989588579561,-0.0402941630051423,59.98747333790799,-23.945118339360064
102,2024-05-29 18:18:37.510,0.110917543835656,0.0062869019207967,59.98858667123886,-23.957678339531835
103,2024-05-29 18:18:38.006,0.110917543835656,0.0062869019207967,59.98858667123886,-23.957678339531835
104,2024-05-29 20:08:00.034,0.132407513543879,-0.0001627675023629,59.98734500457051,-23.963096672940377
105,2024-05-29 22:13:26.085,0.0818561438131101,0.070501380747795,59.99879500457255,-23.970903339718937
106,2024-05-29 22:13:26.183,0.0818561438131101,0.070501380747795,59.99879500457255,-23.970903339718937
107,2024-05-29 22:13:26.330,0.0818561438131101,0.070501380747795,59.99879500457255,-23.970903339718937
108,2024-05-29 23:02:10.550,0.112503518941763,-0.0050940603260368,59.98858333790569,-23.956973339522104
109,2024-05-29 23:02:10.741,0.112503518941763,-0.0050940603260368,59.98858333790569,-23.956973339522104
110,2024-05-30 03:15:32.399,0.14363286319478,0.0263466026836188,59.98834833790468,-23.96091167291004
111,2024-05-30 03:15:32.934,0.14363286319478,0.0263466026836188,59.98492470693779,-23.988763290573903
112,2024-05-30 03:21:24.989,0.0948058594631864,0.0349929747198352,59.99345000457212,-23.965085006302523
113,2024-05-30 03:21:25.317,0.0948058594631864,0.0349929747198352,59.99345000457212,-23.965085006302523
114,2024-05-30 03:21:25.511,0.0948058594631864,0.0349929747198352,59.99345000457212,-23.965085006302523
115,2024-05-30 03:44:57.826,0.0573755966412118,0.110333461003218,59.99960667123772,-23.978370006492643
116,2024-05-30 03:44:57.875,0.0573755966412118,0.110333461003218,59.99960667123772,-23.978370006492643
117,2024-05-30 03:44:58.168,0.0573755966412118,0.110333461003218,59.99960667123772,-23.978370006492643
118,2024-05-30 04:02:34.871,0.164783534236173,-0.0120466168626169,59.98895333790851,-23.945011672692203
119,2024-05-30 04:02:35.370,0.164783534236173,-0.0120466168626169,59.98895333790851,-23.945011672692203
120,2024-05-30 06:46:23.880,0.182470825462361,0.0176999281738903,59.99356333790702,-23.958493339543907
121,2024-05-30 06:46:23.981,0.182470825462361,0.0176999281738903,59.99356333790702,-23.958493339543907
122,2024-05-30 06:46:24.350,0.182470825462361,0.0176999281738903,59.99356333790702,-23.958493339543907
123,2024-05-30 06:46:24.486,0.182470825462361,0.0176999281738903,59.99356333790702,-23.958493339543907
124,2024-05-30 06:46:24.640,0.182470825462361,0.0176999281738903,59.99356333790702,-23.958493339543907
125,2024-05-30 07:59:44.693,0.114669809187394,0.009120902355935,59.98728167123917,-23.954440006153657
126,2024-05-30 07:59:44.743,0.114669809187394,0.009120902355935,59.98728167123917,-23.954440006153657
127,2024-05-30 07:59:44.767,0.114669809187394,0.009120902355935,59.98728167123917,-23.954440006153657
128,2024-05-30 07:59:44.821,0.114669809187394,0.009120902355935,59.98728167123917,-23.954440006153657
129,2024-05-30 08:53:01.404,0.0515405225179607,0.0444587339336968,59.99437667123625,-23.97712167314048
130,2024-05-30 08:53:01.684,0.0515405225179607,0.0444587339336968,59.99437667123625,-23.97712167314048
131,2024-05-30 08:55:53.150,0.0507656099228075,0.0449853047036517,59.98918088610993,-23.972875948296853
132,2024-05-30 08:55:53.680,0.0507656099228075,0.0449853047036517,59.98918088610993,-23.972875948296853
133,2024-05-30 08:55:53.760,0.05076560992280751,0.0449853047036517,59.98918088610993,-23.972875948296853
134,2024-05-30 08:55:53.780,0.0507656099228075,0.0449853047036517,59.98918088610993,-23.972875948296853
135,2024-05-30 08:55:53.920,0.0507656099228075,0.0449853047036517,59.98918088610993,-23.972875948296853
136,2024-05-30 08:55:53.960,0.0507656099228075,0.0449853047036517,59.98918088610993,-23.972875948296853
137,2024-05-30 09:05:09.169,0.154746684567982,-0.0574856116796368,59.98231333790711,-23.941293339307883
138,2024-05-30 09:05:09.285,0.154746684567982,-0.0574856116796368,59.98231333790711,-23.941293339307883
139,2024-05-30 09:05:09.309,0.154746684567982,-0.0574856116796368,59.98231333790711,-23.941293339307883
140,2024-05-30 09:05:09.752,0.154746684567982,-0.0574856116796368,59.98231333790711,-23.941293339307883
141,2024-05-30 09:05:09.757,0.154746684567982,-0.0574856116796368,59.98231333790711,-23.941293339307883
142,2024-05-30 09:05:09.850,0.154746684567982,-0.0574856116796368,59.98231333790711,-23.941293339307883
143,2024-05-30 12:06:15.734,0.101931304207399,0.0346380047460091,59.992976671239575,-23.96107833957973
144,2024-05-30 12:06:15.766,0.101931304207399,0.0346380047460091,59.992976671239575,-23.96107833957973
145,2024-05-30 12:06:15.807,0.101931304207399,0.0346380047460091,59.992976671239575,-23.96107833957973
146,2024-05-30 12:06:15.895,0.101931304207399,0.0346380047460091,59.992976671239575,-23.96107833957973
147,2024-05-30 12:06:16.050,0.101931304207399,0.0346380047460091,59.98541239165831,-23.972710040374736
148,2024-05-30 12:48:51.226,0.101887632398931,0.0346241253462272,59.99071333790459,-23.964835006298586
149,2024-05-30 13:58:38.019,0.116914897844967,0.0306607639131281,59.99125833790627,-23.95843167287605
150,2024-05-30 13:58:38.174,0.116914897844967,0.0306607639131281,59.99125833790627,-23.95843167287605
151,2024-05-30 13:58:38.584,0.116914897844967,0.0306607639131281,59.99125833790627,-23.95843167287605
152,2024-05-30 14:02:32.580,0.116153967614492,0.0305386136526673,59.99070375353282,-23.97319364567541
153,2024-05-30 14:02:32.630,0.116153967614492,0.0305386136526673,59.99070375353282,-23.97319364567541
154,2024-05-30 14:02:32.920,0.116153967614492,0.0305386136526673,59.99070375353282,-23.97319364567541
155,2024-05-30 14:02:33.127,0.116153967614492,0.0305386136526673,59.99070375353282,-23.97319364567541
156,2024-05-30 14:51:00.700,0.0865536548987872,0.106239603011968,60.00219667124061,-23.969993339706527
157,2024-05-30 14:51:00.907,0.0865536548987872,0.106239603011968,60.00219667124061,-23.969993339706527
158,2024-05-30 14:51:01.040,0.0865536548987872,0.106239603011968,60.00219667124061,-23.969993339706527
159,2024-05-30 14:51:01.335,0.0865536548987872,0.106239603011968,60.00219667124061,-23.969993339706527
160,2024-05-30 14:51:01.410,0.0865536548987872,0.106239603011968,60.00219667124061,-23.969993339706527
161,2024-05-30 14:51:01.585,0.0865536548987872,0.106239603011968,60.00219667124061,-23.969993339706527
162,2024-05-30 14:51:01.650,0.0865536548987872,0.106239603011968,60.00219667124061,-23.969993339706527
163,2024-05-30 14:51:01.760,0.0865536548987872,0.106239603011968,60.00219667124061,-23.969993339706527
164,2024-05-30 14:51:01.881,0.0865536548987872,0.106239603011968,60.00219667124061,-23.969993339706527
165,2024-05-30 14:51:01.910,0.0865536548987872,0.106239603011968,60.00219667124061,-23.969993339706527
166,2024-05-30 14:51:01.950,0.0865536548987872,0.106239603011968,60.00219667124061,-23.969993339706527
167,2024-05-30 17:06:01.517,0.088963547969182,0.0317875845486924,59.99961379591291,-23.960515085491146
168,2024-05-30 17:13:58.065,0.0859629521023734,0.0324801733053332,59.992378337904775,-23.966408339654315
169,2024-05-30 17:13:58.103,0.0859629521023734,0.0324801733053332,59.992378337904775,-23.966408339654315
170,2024-05-30 17:13:58.150,0.0859629521023734,0.0324801733053332,59.992378337904775,-23.966408339654315
171,2024-05-30 17:13:58.190,0.0859629521023734,0.0324801733053332,59.992378337904775,-23.966408339654315
172,2024-05-30 17:13:58.380,0.0859629521023734,0.0324801733053332,59.992378337904775,-23.966408339654315
173,2024-05-30 17:13:58.390,0.0859629521023734,0.0324801733053332,59.992378337904775,-23.966408339654315
174,2024-05-30 17:13:58.450,0.0859629521023734,0.0324801733053332,59.992378337904775,-23.966408339654315
175,2024-05-30 17:13:58.460,0.0859629521023734,0.0324801733053332,59.992378337904775,-23.966408339654315
176,2024-05-30 17:13:58.490,0.0859629521023734,0.0324801733053332,59.992378337904775,-23.966408339654315
177,2024-05-30 17:13:58.500,0.0859629521023734,0.0324801733053332,59.992378337904775,-23.966408339654315
178,2024-05-30 17:13:58.520,0.0859629521023734,0.0324801733053332,59.992378337904775,-23.966408339654315
179,2024-05-30 17:13:58.620,0.0859629521023734,0.0324801733053332,59.992378337904775,-23.966408339654315
180,2024-05-30 17:13:58.670,0.0859629521023734,0.0324801733053332,59.992378337904775,-23.966408339654315
181,2024-05-30 17:13:58.720,0.0859629521023734,0.0324801733053332,59.992378337904775,-23.966408339654315
182,2024-05-30 17:13:58.730,0.0859629521023734,0.0324801733053332,59.992378337904775,-23.966408339654315
183,2024-05-30 17:13:58.740,0.0859629521023734,0.0324801733053332,59.992378337904775,-23.966408339654315
184,2024-05-30 17:13:58.750,0.0859629521023734,0.0324801733053332,59.992378337904775,-23.966408339654315
185,2024-05-30 17:13:58.760,0.0859629521023734,0.0324801733053332,59.992378337904775,-23.966408339654315
186,2024-05-30 17:13:58.790,0.0859629521023734,0.0324801733053332,59.992378337904775,-23.966408339654315
187,2024-05-30 17:13:58.810,0.0859629521023734,0.0324801733053332,59.992378337904775,-23.966408339654315
188,2024-05-30 17:13:58.860,0.0859629521023734,0.0324801733053332,59.992378337904775,-23.966408339654315
189,2024-05-30 17:13:58.875,0.0859629521023734,0.0324801733053332,59.992378337904775,-23.966408339654315
190,2024-05-30 17:13:58.890,0.0859629521023734,0.0324801733053332,59.992378337904775,-23.966408339654315
191,2024-05-30 17:13:58.900,0.0859629521023734,0.0324801733053332,59.992378337904775,-23.966408339654315
192,2024-05-30 17:13:58.930,0.0859629521023734,0.0324801733053332,59.992378337904775,-23.966408339654315
193,2024-05-30 17:13:58.960,0.0859629521023734,0.0324801733053332,59.992378337904775,-23.966408339654315
194,2024-05-30 17:13:58.980,0.0859629521023734,0.0324801733053332,59.992378337904775,-23.966408339654315
195,2024-05-30 17:13:59.050,0.0859629521023734,0.0324801733053332,59.992378337904775,-23.966408339654315
196,2024-05-30 17:13:59.063,0.0859629521023734,0.0324801733053332,59.992378337904775,-23.966408339654315
197,2024-05-30 17:13:59.100,0.08596295210237341,0.0324801733053332,59.992378337904775,-23.966408339654315
198,2024-05-30 17:13:59.140,0.0859629521023734,0.0324801733053332,59.992378337904775,-23.966408339654315
199,2024-05-30 17:13:59.170,0.0859629521023734,0.0324801733053332,59.992378337904775,-23.966408339654315
200,2024-05-30 17:13:59.220,0.0859629521023734,0.0324801733053332,59.992378337904775,-23.966408339654315
201,2024-05-30 17:13:59.270,0.0859629521023734,0.0324801733053332,59.992378337904775,-23.966408339654315
202,2024-05-30 17:13:59.300,0.0859629521023734,0.0324801733053332,59.992378337904775,-23.966408339654315
203,2024-05-30 17:21:31.420,0.125269740422085,0.0281272954825894,59.99091833790706,-23.954398339486964
204,2024-05-30 17:21:31.523,0.125269740422085,0.0281272954825894,59.99091833790706,-23.954398339486964
205,2024-05-30 17:21:31.526,0.125269740422085,0.0281272954825894,59.99091833790706,-23.954398339486964
206,2024-05-30 17:21:31.700,0.125269740422085,0.0281272954825894,59.99091833790706,-23.954398339486964
207,2024-05-30 17:21:31.918,0.125269740422085,0.0281272954825894,59.99091833790706,-23.954398339486964
208,2024-05-30 17:21:32.110,0.125269740422085,0.0281272954825894,59.99091833790706,-23.954398339486964
209,2024-05-30 17:21:32.171,0.125269740422085,0.0281272954825894,59.99091833790706,-23.954398339486964
210,2024-05-30 19:19:08.237,0.167743282704463,-0.0408158094894094,59.988170004575096,-23.944275006015467
211,2024-05-30 19:19:08.663,0.167743282704463,-0.0408158094894094,59.988170004575096,-23.944275006015467
212,2024-05-30 19:19:09.385,0.167743282704463,-0.0408158094894094,59.988170004575096,-23.944275006015467
213,2024-05-30 20:52:01.598,0.0800924145417387,0.116222795135052,59.98411228101978,-23.96434624814328
214,2024-05-30 20:52:01.627,0.0800924145417387,0.116222795135052,59.98411228101978,-23.96434624814328
215,2024-05-30 20:52:01.939,0.0800924145417387,0.116222795135052,59.98411228101978,-23.96434624814328
216,2024-05-30 20:52:02.000,0.0800924145417387,0.116222795135052,59.98411228101978,-23.96434624814328
217,2024-05-30 20:52:02.159,0.0800924145417387,0.116222795135052,59.98411228101978,-23.96434624814328
218,2024-05-30 21:00:41.433,0.0557270994750734,-0.0457605725498387,59.99090000458391,-23.907773338875337
219,2024-05-30 21:00:41.700,0.0557270994750734,-0.0457605725498387,59.99090000458391,-23.907773338875337
220,2024-05-30 21:00:41.760,0.0557270994750734,-0.0457605725498387,59.99090000458391,-23.907773338875337
221,2024-05-30 21:00:42.020,0.0557270994750734,-0.0457605725498387,59.99090000458391,-23.907773338875337
222,2024-05-30 21:00:42.132,0.0557270994750734,-0.0457605725498387,59.99090000458391,-23.907773338875337
223,2024-05-30 21:00:42.330,0.0557270994750734,-0.0457605725498387,59.99090000458391,-23.907773338875337
224,2024-05-30 21:00:42.560,0.0557270994750734,-0.0457605725498387,59.99090000458391,-23.907773338875337
225,2024-05-30 21:59:39.730,-0.0264205917094237,-0.100611676135422,60.00009605654192,-23.976162055581447
226,2024-05-30 21:59:39.800,-0.0264205917094237,-0.100611676135422,60.00009605654192,-23.976162055581447
227,2024-05-30 21:59:39.810,-0.0264205917094237,-0.100611676135422,60.00009605654192,-23.976162055581447
228,2024-05-30 21:59:39.820,-0.0264205917094237,-0.100611676135422,60.00009605654192,-23.976162055581447
229,2024-05-30 21:59:39.913,-0.0264205917094237,-0.100611676135422,60.00009605654192,-23.976162055581447
230,2024-05-30 21:59:40.036,-0.0264205917094237,-0.100611676135422,60.00009605654192,-23.976162055581447
231,2024-05-30 21:59:40.160,-0.0264205917094237,-0.100611676135422,60.00009605654192,-23.976162055581447
232,2024-05-30 21:59:40.359,-0.0264205917094237,-0.100611676135422,60.00009605654192,-23.976162055581447
233,2024-05-30 22:29:01.861,0.100576880690492,0.0370797414460541,59.99096000457233,-23.9605883395726
234,2024-05-30 22:29:02.224,0.100576880690492,0.0370797414460541,59.99096000457233,-23.9605883395726
235,2024-05-30 22:29:02.434,0.100576880690492,0.0370797414460541,59.99096000457233,-23.9605883395726
236,2024-05-30 22:33:33.040,0.100333177297002,0.0370775847991597,59.995772891955234,-23.980750152776576
237,2024-05-30 23:06:45.241,0.0248682680918468,0.0290057227082312,59.98965333791754,-23.90434667216577
238,2024-05-30 23:06:45.589,0.0248682680918468,0.0290057227082312,59.98965333791754,-23.90434667216577
239,2024-05-30 23:10:03.831,0.0231809991869152,0.0301834828560314,59.984149126991,-23.98810730150065
240,2024-05-30 23:10:04.161,0.0231809991869152,0.0301834828560314,59.984149126991,-23.98810730150065
241,2024-05-30 23:10:04.234,0.0231809991869152,0.0301834828560314,59.984149126991,-23.98810730150065
242,2024-05-30 23:10:04.286,0.0231809991869152,0.0301834828560314,59.984149126991,-23.98810730150065
243,2024-05-30 23:10:43.081,0.0206444363882747,0.147368326939944,59.99164000457263,-23.960313339568906
244,2024-05-30 23:10:43.636,0.0206444363882747,0.147368326939944,59.99164000457263,-23.960313339568906
245,2024-05-30 23:10:43.797,0.0206444363882747,0.147368326939944,59.99164000457263,-23.960313339568906
246,2024-05-30 23:10:43.947,0.0206444363882747,0.147368326939944,59.99164000457263,-23.960313339568906
247,2024-05-30 23:10:43.988,0.0206444363882747,0.147368326939944,59.99164000457263,-23.960313339568906
248,2024-05-30 23:10:44.081,0.0206444363882747,0.147368326939944,59.99164000457263,-23.960313339568906
249,2024-05-30 23:54:09.662,0.128620406855279,-0.0173380580477384,59.98613667123943,-23.951581672780964
250,2024-05-30 23:54:10.263,0.128620406855279,-0.0173380580477384,59.98613667123943,-23.951581672780964
251,2024-05-30 23:54:10.639,0.128620406855279,-0.0173380580477384,59.98613667123943,-23.951581672780964
252,2024-05-30 23:58:34.547,0.128268185468561,-0.0175099144273514,59.9896850045827,-23.91165500559054
253,2024-05-30 23:58:34.942,0.128268185468561,-0.0175099144273514,59.9896850045827,-23.91165500559054
254,2024-05-30 23:58:36.816,-0.0036442369445729,0.0277460745909565,59.9896850045827,-23.91165500559054
255,2024-05-30 23:58:37.430,-0.0036442369445729,0.0277460745909565,59.9896850045827,-23.91165500559054
256,2024-05-31 00:30:12.318,0.139628258246417,0.0177861603022881,59.9884914989088,-23.98078720855307
257,2024-05-31 00:30:12.430,0.139628258246417,0.0177861603022881,59.9884914989088,-23.98078720855307
258,2024-05-31 00:30:12.615,0.139628258246417,0.0177861603022881,59.9884914989088,-23.98078720855307
259,2024-05-31 00:30:12.633,0.139628258246417,0.0177861603022881,59.9884914989088,-23.98078720855307
260,2024-05-31 00:30:12.716,0.139628258246417,0.0177861603022881,59.9884914989088,-23.98078720855307
261,2024-05-31 00:30:12.905,0.139628258246417,0.0177861603022881,59.9884914989088,-23.98078720855307
262,2024-05-31 00:30:13.320,0.139628258246417,0.0177861603022881,59.9884914989088,-23.98078720855307
263,2024-05-31 00:54:56.213,0.0332372160631486,0.099778388699868,59.983116675010265,-23.985914246330868
264,2024-05-31 00:54:56.401,0.0332372160631486,0.099778388699868,59.983116675010265,-23.985914246330868
265,2024-05-31 01:33:46.437,0.0137493905714726,0.091765304827458,59.99328500458126,-23.924136672417102
266,2024-05-31 01:33:46.471,0.0137493905714726,0.091765304827458,59.99328500458126,-23.924136672417102
267,2024-05-31 01:47:29.524,0.0167539326819655,0.113611520456601,60.001696671234704,-23.993630006716504
268,2024-05-31 01:47:29.532,0.0167539326819655,0.113611520456601,60.001696671234704,-23.993630006716504
269,2024-05-31 01:47:29.649,0.0167539326819655,0.113611520456601,60.001696671234704,-23.993630006716504
270,2024-05-31 01:52:04.854,0.0155640895220698,0.113917725939838,59.99394624133693,-23.924730768313506
271,2024-05-31 01:52:04.956,0.0155640895220698,0.113917725939838,59.99394624133693,-23.924730768313506
272,2024-05-31 02:10:10.000,0.0,0.0,59.993617032639015,-23.92995000239789
273,2024-05-31 02:11:48.000,0.0,0.0,59.98467829581941,-23.987435813247444
274,2024-05-31 02:32:26.028,-0.0004696777031508,0.175115647756628,59.986943616674246,-23.989958734922983
275,2024-05-31 02:32:26.080,-0.0004696777031508,0.175115647756628,59.986943616674246,-23.989958734922983
276,2024-05-31 02:32:26.305,-0.0004696777031508,0.175115647756628,59.986943616674246,-23.989958734922983
277,2024-05-31 02:32:26.731,-0.0004696777031508,0.175115647756628,59.986943616674246,-23.989958734922983
278,2024-05-31 02:32:27.027,-0.0004696777031508,0.175115647756628,59.986943616674246,-23.989958734922983
279,2024-05-31 02:56:52.072,0.0214183450771854,0.131333927910747,59.98347451402682,-23.98706623760356
280,2024-05-31 02:56:52.461,0.0214183450771854,0.131333927910747,59.98347451402682,-23.98706623760356
281,2024-05-31 02:56:52.724,0.0214183450771854,0.131333927910747,59.98347451402682,-23.98706623760356
282,2024-05-31 02:56:53.200,0.0214183450771854,0.131333927910747,59.98347451402682,-23.98706623760356
283,2024-05-31 02:56:53.254,0.0214183450771854,0.131333927910747,59.98347451402682,-23.98706623760356
284,2024-05-31 03:50:54.869,0.0950202523034233,0.0409085759276035,59.9925350045722,-23.96347667294652
285,2024-05-31 03:50:55.275,0.0950202523034233,0.0409085759276035,59.9925350045722,-23.96347667294652
286,2024-05-31 03:50:55.660,0.0950202523034233,0.0409085759276035,59.9925350045722,-23.96347667294652
287,2024-05-31 03:50:55.770,0.0950202523034233,0.0409085759276035,59.9925350045722,-23.96347667294652
288,2024-05-31 03:50:55.979,0.0950202523034233,0.0409085759276035,59.9925350045722,-23.96347667294652
289,2024-05-31 04:11:33.317,0.160893879154433,0.0600208144421268,59.99823833791255,-23.94105333930707
290,2024-05-31 04:11:33.323,0.160893879154433,0.0600208144421268,59.99823833791255,-23.94105333930707
291,2024-05-31 04:51:22.626,0.176407457051789,0.0278207279190513,59.99850167124584,-23.94173667264958
292,2024-05-31 04:51:22.923,0.176407457051789,0.0278207279190513,59.99850167124584,-23.94173667264958
293,2024-05-31 04:52:56.443,0.16048913010363,0.0122696394680824,59.98864833790832,-23.945496672698663
294,2024-05-31 04:52:56.515,0.16048913010363,0.0122696394680824,59.98864833790832,-23.945496672698663
295,2024-05-31 04:52:56.543,0.16048913010363,0.0122696394680824,59.98864833790832,-23.945496672698663
296,2024-05-31 04:52:56.669,0.16048913010363,0.0122696394680824,59.98864833790832,-23.945496672698663
297,2024-05-31 05:41:15.656,0.185153140596611,0.0040447855512882,59.999065004579975,-23.938990005946287
298,2024-05-31 05:41:15.738,0.185153140596611,0.0040447855512882,59.999065004579975,-23.938990005946287
299,2024-05-31 06:17:08.400,0.183578642637076,-0.0092579682893096,59.98868002183235,-23.98266844764997
300,2024-05-31 06:17:08.458,0.183578642637076,-0.0092579682893096,59.98868002183235,-23.98266844764997
301,2024-05-31 06:17:08.510,0.183578642637076,-0.0092579682893096,59.98868002183235,-23.98266844764997
302,2024-05-31 07:07:32.064,0.189397309986067,-0.0052848694927275,59.98926534293699,-23.982886077383373
303,2024-05-31 07:07:32.376,0.189397309986067,-0.0052848694927275,59.999263337914726,-23.93289500586559
304,2024-05-31 07:07:32.808,0.189397309986067,-0.0052848694927275,59.999263337914726,-23.93289500586559
305,2024-05-31 07:07:33.002,0.189397309986067,-0.0052848694927275,59.999263337914726,-23.93289500586559
306,2024-05-31 07:52:41.521,0.181684128858693,-0.0451385294520016,59.99864667124845,-23.93014500582941
307,2024-05-31 07:52:41.663,0.181684128858693,-0.0451385294520016,59.99864667124845,-23.93014500582941
308,2024-05-31 08:31:48.472,0.143555319488968,-0.0658977259437663,59.98633633182511,-23.989270444563893
309,2024-05-31 08:31:49.080,0.143555319488968,-0.0658977259437663,59.98633633182511,-23.989270444563893
310,2024-05-31 08:31:49.106,0.143555319488968,-0.0658977259437663,59.98633633182511,-23.989270444563893
311,2024-05-31 09:20:53.834,0.106696087990068,-0.0065886857788627,59.986190004572,-23.95489667282641
312,2024-05-31 09:20:53.839,0.106696087990068,-0.0065886857788627,59.986190004572,-23.95489667282641
313,2024-05-31 09:20:54.410,0.106696087990068,-0.0065886857788627,59.986190004572,-23.95489667282641
314,2024-05-31 09:20:54.608,0.106696087990068,-0.0065886857788627,59.986190004572,-23.95489667282641
315,2024-05-31 09:20:54.689,0.106696087990068,-0.0065886857788627,59.986190004572,-23.95489667282641
316,2024-05-31 09:21:56.937,0.0706648407664495,-0.0599881047799094,59.986228337905445,-23.95466667282328
317,2024-05-31 09:21:57.041,0.0706648407664495,-0.0599881047799094,59.986228337905445,-23.95466667282328
318,2024-05-31 09:21:57.341,0.0706648407664495,-0.0599881047799094,59.986228337905445,-23.95466667282328
319,2024-05-31 09:21:57.964,0.0706648407664495,-0.0599881047799094,59.986228337905445,-23.95466667282328
320,2024-05-31 09:26:02.764,0.148329174724277,-0.0449406461979503,59.98523167124031,-23.94631667270924
321,2024-05-31 09:26:02.940,0.148329174724277,-0.0449406461979503,59.98523167124031,-23.94631667270924
322,2024-05-31 09:26:03.193,0.148329174724277,-0.0449406461979503,59.98523167124031,-23.94631667270924
323,2024-05-31 09:26:03.373,0.148329174724277,-0.0449406461979503,59.98523167124031,-23.94631667270924
324,2024-05-31 09:26:03.431,0.148329174724277,-0.0449406461979503,59.98523167124031,-23.94631667270924
325,2024-05-31 10:02:42.738,0.0749895047845779,-0.0850463738346128,59.99371333791334,-23.93062833916834
326,2024-05-31 10:02:43.022,0.0749895047845779,-0.0850463738346128,59.99371333791334,-23.93062833916834
327,2024-05-31 10:41:35.685,0.0323725110633622,-0.0608514217431749,59.98497541682753,-23.94982798138116
328,2024-05-31 10:41:35.994,0.0323725110633622,-0.0608514217431749,59.98497541682753,-23.94982798138116
329,2024-05-31 10:41:36.315,0.0323725110633622,-0.0608514217431749,59.98497541682753,-23.94982798138116
330,2024-05-31 10:45:57.918,0.0587135804553166,0.0417282475436267,59.992030004568974,-23.97636000646248
331,2024-05-31 10:45:57.935,0.0587135804553166,0.0417282475436267,59.992030004568974,-23.97636000646248
332,2024-05-31 10:45:57.964,0.0587135804553166,0.0417282475436267,59.992030004568974,-23.97636000646248
333,2024-05-31 10:45:57.980,0.0587135804553166,0.0417282475436267,59.992030004568974,-23.97636000646248
334,2024-05-31 10:45:58.076,0.0587135804553166,0.0417282475436267,59.992030004568974,-23.97636000646248
335,2024-05-31 11:28:20.873,-0.0013636757530977,-0.0028267484909939,59.98333667721193,-23.964787057944186
336,2024-05-31 11:28:21.421,-0.0013636757530977,-0.0028267484909939,59.98333667721193,-23.964787057944186
337,2024-05-31 11:28:21.605,-0.0013636757530977,-0.0028267484909939,59.98333667721193,-23.964787057944186
338,2024-05-31 11:28:21.698,-0.0013636757530977,-0.0028267484909939,59.98333667721193,-23.964787057944186
339,2024-05-31 11:28:21.770,-0.0013636757530977,-0.0028267484909939,59.98333667721193,-23.964787057944186
340,2024-05-31 12:42:36.908,-0.0043417122184562,0.0624506708893891,59.98186916606786,-23.98552302991318
341,2024-05-31 12:42:37.006,-0.0043417122184562,0.0624506708893891,59.98186916606786,-23.98552302991318
342,2024-05-31 12:42:37.350,-0.0043417122184562,0.0624506708893891,59.98186916606786,-23.98552302991318
343,2024-05-31 12:42:37.392,-0.0043417122184562,0.0624506708893891,59.98186916606786,-23.98552302991318
344,2024-05-31 12:42:37.520,-0.0043417122184562,0.0624506708893891,59.98186916606786,-23.98552302991318
345,2024-05-31 12:42:37.658,-0.0043417122184562,0.0624506708893891,59.98186916606786,-23.98552302991318
346,2024-05-31 13:53:02.718,0.0181329546071572,0.100436500121463,59.99641167124407,-23.94644833937939
347,2024-05-31 13:53:02.786,0.0181329546071572,0.100436500121463,59.99641167124407,-23.94644833937939
348,2024-05-31 13:53:02.832,0.0181329546071572,0.100436500121463,59.99641167124407,-23.94644833937939
349,2024-05-31 13:53:02.931,0.0181329546071572,0.100436500121463,59.99641167124407,-23.94644833937939
350,2024-05-31 13:53:02.963,0.0181329546071572,0.100436500121463,59.99641167124407,-23.94644833937939
351,2024-05-31 13:53:03.032,0.0181329546071572,0.100436500121463,59.99641167124407,-23.94644833937939
352,2024-05-31 13:53:03.102,0.0181329546071572,0.100436500121463,59.99641167124407,-23.94644833937939
353,2024-05-31 13:53:03.103,0.0181329546071572,0.100436500121463,59.99641167124407,-23.94644833937939
354,2024-05-31 14:40:39.696,0.089957824859643,-0.0071119709774522,59.9840933379034,-23.960193339566043
355,2024-05-31 14:40:40.078,0.089957824859643,-0.0071119709774522,59.9840933379034,-23.960193339566043
356,2024-05-31 14:40:40.143,0.089957824859643,-0.0071119709774522,59.9840933379034,-23.960193339566043
357,2024-05-31 14:40:40.151,0.089957824859643,-0.0071119709774522,59.9840933379034,-23.960193339566043
358,2024-05-31 14:40:40.260,0.089957824859643,-0.0071119709774522,59.9840933379034,-23.960193339566043
359,2024-05-31 14:41:07.095,0.0245437863350832,0.0999646029620904,59.99794833791032,-23.95058667276916
360,2024-05-31 14:56:00.743,0.0653926036047331,0.0408561644218807,59.99282500457048,-23.971093339720664
361,2024-05-31 14:56:01.050,0.0653926036047331,0.0408561644218807,59.99282500457048,-23.971093339720664
362,2024-05-31 14:56:01.261,0.0653926036047331,0.0408561644218807,59.99282500457048,-23.971093339720664
363,2024-05-31 14:56:01.908,0.0653926036047331,0.0408561644218807,59.99282500457048,-23.971093339720664
364,2024-05-31 14:56:01.983,0.0653926036047331,0.0408561644218807,59.99282500457048,-23.971093339720664
365,2024-05-31 15:37:19.837,0.0126434747452505,0.0940469719131834,59.995355004566726,-23.99034667333346
366,2024-05-31 15:37:20.204,0.0126434747452505,0.0940469719131834,59.995355004566726,-23.99034667333346
367,2024-05-31 15:37:20.240,0.0126434747452505,0.0940469719131834,59.995355004566726,-23.99034667333346
368,2024-05-31 15:37:20.376,0.0126434747452505,0.0940469719131834,59.995355004566726,-23.99034667333346
369,2024-05-31 15:37:20.378,0.0126434747452505,0.0940469719131834,59.995355004566726,-23.99034667333346
370,2024-05-31 15:59:32.234,0.0819562228020815,0.0612798558164684,59.99835833790851,-23.9591050062198
371,2024-05-31 15:59:32.413,0.0819562228020815,0.0612798558164684,59.99835833790851,-23.9591050062198
372,2024-05-31 15:59:32.620,0.0819562228020815,0.0612798558164684,59.99835833790851,-23.9591050062198
373,2024-05-31 15:59:32.798,0.0819562228020815,0.0612798558164684,59.99835833790851,-23.9591050062198
374,2024-05-31 15:59:32.811,0.0819562228020815,0.0612798558164684,59.99835833790851,-23.9591050062198
375,2024-05-31 15:59:32.930,0.0819562228020815,0.0612798558164684,59.99835833790851,-23.9591050062198
376,2024-05-31 16:56:30.391,0.110544177872727,-0.0085908304558199,59.99001312977404,-23.98169253657658
377,2024-05-31 16:56:30.632,0.110544177872727,-0.0085908304558199,59.99001312977404,-23.98169253657658
378,2024-05-31 16:56:30.650,0.110544177872727,-0.0085908304558199,59.99001312977404,-23.98169253657658
379,2024-05-31 16:56:30.930,0.110544177872727,-0.0085908304558199,59.99001312977404,-23.98169253657658
380,2024-05-31 16:56:31.050,0.110544177872727,-0.0085908304558199,59.99001312977404,-23.98169253657658
381,2024-05-31 17:38:51.509,0.127417420813705,-0.0177302034995544,59.98382618818807,-23.987626877656755
382,2024-05-31 17:38:51.712,0.127417420813705,-0.0177302034995544,59.98382618818807,-23.987626877656755
383,2024-05-31 17:38:52.389,0.127417420813705,-0.0177302034995544,59.98382618818807,-23.987626877656755
384,2024-05-31 17:38:52.424,0.127417420813705,-0.0177302034995544,59.98382618818807,-23.987626877656755
385,2024-05-31 17:38:52.636,0.127417420813705,-0.0177302034995544,59.98382618818807,-23.987626877656755
386,2024-05-31 18:23:06.078,0.13106290211689,-0.0398200333773596,59.98138945041634,-23.98393642342217
387,2024-05-31 18:23:06.283,0.13106290211689,-0.0398200333773596,59.98138945041634,-23.98393642342217
388,2024-05-31 18:23:06.669,0.13106290211689,-0.0398200333773596,59.98138945041634,-23.98393642342217
389,2024-05-31 18:23:06.819,0.13106290211689,-0.0398200333773596,59.98138945041634,-23.98393642342217
390,2024-05-31 18:23:06.915,0.13106290211689,-0.0398200333773596,59.98138945041634,-23.98393642342217
391,2024-05-31 19:05:50.991,0.138923656003007,-0.0803678524253292,60.0031550045899,-23.89881000543261
392,2024-05-31 19:05:51.108,0.138923656003007,-0.0803678524253292,60.0031550045899,-23.89881000543261
393,2024-05-31 19:05:51.313,0.138923656003007,-0.0803678524253292,60.0031550045899,-23.89881000543261
394,2024-05-31 19:05:51.376,0.138923656003007,-0.0803678524253292,60.0031550045899,-23.89881000543261
395,2024-05-31 19:05:51.706,0.138923656003007,-0.0803678524253292,60.0031550045899,-23.89881000543261
396,2024-05-31 19:51:41.372,0.0902158978684202,-0.116152874787791,60.00554061053379,-23.9197930959596
397,2024-05-31 19:51:41.496,0.0902158978684202,-0.116152874787791,60.00554061053379,-23.9197930959596
398,2024-05-31 19:51:41.527,0.0902158978684202,-0.116152874787791,60.00554061053379,-23.9197930959596
399,2024-05-31 19:51:41.734,0.0902158978684202,-0.116152874787791,60.00554061053379,-23.9197930959596
400,2024-05-31 19:51:41.906,0.0902158978684202,-0.116152874787791,60.00554061053379,-23.9197930959596
401,2024-05-31 19:51:41.927,0.0902158978684202,-0.116152874787791,60.00554061053379,-23.9197930959596
402,2024-05-31 20:04:41.308,0.168504184101021,-0.050138689272787,59.98539500457581,-23.936848339249103
403,2024-05-31 20:04:41.730,0.168504184101021,-0.050138689272787,59.98539500457581,-23.936848339249103
404,2024-05-31 20:04:41.755,0.168504184101021,-0.050138689272787,59.98539500457581,-23.936848339249103
405,2024-05-31 20:04:41.992,0.168504184101021,-0.050138689272787,59.98539500457581,-23.936848339249103
406,2024-05-31 20:04:42.009,0.168504184101021,-0.050138689272787,59.98539500457581,-23.936848339249103
407,2024-05-31 20:04:42.282,0.168504184101021,-0.050138689272787,59.98539500457581,-23.936848339249103
408,2024-05-31 20:29:28.615,0.112207623564162,-0.0155911707530001,59.98708167123946,-23.95295333946655
409,2024-05-31 20:29:29.035,0.112207623564162,-0.0155911707530001,59.98708167123946,-23.95295333946655
410,2024-05-31 20:29:29.069,0.112207623564162,-0.0155911707530001,59.98708167123946,-23.95295333946655
411,2024-05-31 20:29:29.113,0.112207623564162,-0.0155911707530001,59.98708167123946,-23.95295333946655
412,2024-05-31 20:29:29.289,0.112207623564162,-0.0155911707530001,59.98708167123946,-23.95295333946655
413,2024-05-31 20:29:29.424,0.112207623564162,-0.0155911707530001,59.98708167123946,-23.95295333946655
414,2024-05-31 20:29:29.510,0.112207623564162,-0.0155911707530001,59.98708167123946,-23.95295333946655
415,2024-05-31 20:29:29.587,0.112207623564162,-0.0155911707530001,59.98708167123946,-23.95295333946655
416,2024-05-31 20:29:29.662,0.112207623564162,-0.0155911707530001,59.98708167123946,-23.95295333946655
417,2024-05-31 20:36:52.324,0.0651510546341348,-0.11496875019482,60.00147667126151,-23.871245005103223
418,2024-05-31 20:36:52.462,0.0651510546341348,-0.11496875019482,60.00147667126151,-23.871245005103223
419,2024-05-31 20:36:52.502,0.0651510546341348,-0.11496875019482,60.00147667126151,-23.871245005103223
420,2024-05-31 20:36:52.623,0.0651510546341348,-0.11496875019482,60.00147667126151,-23.871245005103223
421,2024-05-31 20:36:52.852,0.0651510546341348,-0.11496875019482,60.00147667126151,-23.871245005103223
422,2024-05-31 20:36:52.897,0.0651510546341348,-0.11496875019482,60.00147667126151,-23.871245005103223
423,2024-05-31 20:44:42.923,0.0785739859336526,0.0694656680615093,60.02010333793094,-23.889131671983925
424,2024-05-31 20:44:43.714,0.0785739859336526,0.0694656680615093,60.02010333793094,-23.889131671983925
425,2024-05-31 20:44:43.846,0.0785739859336526,0.0694656680615093,60.02010333793094,-23.889131671983925
426,2024-05-31 20:44:44.109,0.0785739859336526,0.0694656680615093,60.02010333793094,-23.889131671983925
427,2024-05-31 21:51:34.535,0.0161147375174882,-0.102031213780959,60.00140667126525,-23.85124333820921
428,2024-05-31 21:51:34.582,0.0161147375174882,-0.102031213780959,60.00140667126525,-23.85124333820921
429,2024-05-31 21:51:34.773,0.0161147375174882,-0.102031213780959,60.00140667126525,-23.85124333820921
430,2024-05-31 21:51:34.869,0.0161147375174882,-0.102031213780959,60.00140667126525,-23.85124333820921
431,2024-05-31 21:51:34.882,0.0161147375174882,-0.102031213780959,60.00140667126525,-23.85124333820921
432,2024-05-31 23:06:19.744,-0.0221739622446115,-0.0758993548116996,60.00237000460165,-23.83627500471192
433,2024-05-31 23:06:19.951,-0.0221739622446115,-0.0758993548116996,60.00237000460165,-23.83627500471192
434,2024-05-31 23:06:20.225,-0.0221739622446115,-0.0758993548116996,60.00237000460165,-23.83627500471192
435,2024-05-31 23:06:20.304,-0.0221739622446115,-0.0758993548116996,60.00237000460165,-23.83627500471192
436,2024-05-31 23:06:20.360,-0.0221739622446115,-0.0758993548116996,60.00237000460165,-23.83627500471192
437,2024-06-01 00:21:46.917,-0.0376529042831554,-0.0317663769076868,60.00534167127142,-23.824313337918124
438,2024-06-01 00:21:47.396,-0.0376529042831554,-0.0317663769076868,60.00534167127142,-23.824313337918124
439,2024-06-01 00:21:47.635,-0.0376529042831554,-0.0317663769076868,60.00534167127142,-23.824313337918124
440,2024-06-01 00:21:47.787,-0.0376529042831554,-0.0317663769076868,60.00534167127142,-23.824313337918124
441,2024-06-01 00:21:47.850,-0.0376529042831554,-0.0317663769076868,60.00534167127142,-23.824313337918124
442,2024-06-01 00:21:47.858,-0.0376529042831554,-0.0317663769076868,60.00534167127142,-23.824313337918124
443,2024-06-01 00:56:09.449,0.0274377159429415,-0.146658540252039,59.98388833792778,-23.841471671432647
444,2024-06-01 00:56:09.761,0.0274377159429415,-0.146658540252039,59.98388833792778,-23.841471671432647
445,2024-06-01 00:56:09.837,0.0274377159429415,-0.146658540252039,59.98388833792778,-23.841471671432647
446,2024-06-01 01:41:20.711,-0.0144655854292399,0.0172658671628105,60.01013000460826,-23.81348333780604
447,2024-06-01 01:41:20.754,-0.0144655854292399,0.0172658671628105,60.01013000460826,-23.81348333780604
448,2024-06-01 01:41:20.767,-0.0144655854292399,0.0172658671628105,60.01013000460826,-23.81348333780604
449,2024-06-01 01:41:21.451,-0.0144655854292399,0.0172658671628105,60.01013000460826,-23.81348333780604
450,2024-06-01 01:41:21.537,-0.0144655854292399,0.0172658671628105,60.01013000460826,-23.81348333780604
451,2024-06-01 02:07:14.435,0.0257184028366584,0.0550259594479726,60.03096500461743,-23.80098333768156
452,2024-06-01 02:07:14.669,0.0257184028366584,0.0550259594479726,60.03096500461743,-23.80098333768156
453,2024-06-01 02:07:14.697,0.0257184028366584,0.0550259594479726,60.03096500461743,-23.80098333768156
454,2024-06-01 02:07:14.780,0.0257184028366584,0.0550259594479726,60.03096500461743,-23.80098333768156
455,2024-06-01 02:07:14.849,0.0257184028366584,0.0550259594479726,60.03096500461743,-23.80098333768156
456,2024-06-01 02:16:17.105,0.0140039477136046,0.0158398100868355,60.00740000459896,-23.86009667164279
457,2024-06-01 02:16:17.229,0.0140039477136046,0.0158398100868355,60.00740000459896,-23.86009667164279
458,2024-06-01 02:16:17.540,0.0140039477136046,0.0158398100868355,60.00740000459896,-23.86009667164279
459,2024-06-01 02:16:17.600,0.0140039477136046,0.0158398100868355,60.00740000459896,-23.86009667164279
460,2024-06-01 02:16:17.792,0.0140039477136046,0.0158398100868355,60.00740000459896,-23.86009667164279
461,2024-06-01 02:55:19.793,0.0094795839311468,0.035361606391688,60.01575500461228,-23.80097500434635
462,2024-06-01 02:55:20.244,0.0094795839311468,0.035361606391688,60.01575500461228,-23.80097500434635
463,2024-06-01 02:55:20.500,0.0094795839311468,0.035361606391688,60.01575500461228,-23.80097500434635
464,2024-06-01 02:55:20.534,0.0094795839311468,0.035361606391688,60.01575500461228,-23.80097500434635
465,2024-06-01 02:55:20.907,0.0094795839311468,0.035361606391688,60.01575500461228,-23.80097500434635
466,2024-06-01 04:05:10.531,0.0275476428974765,0.0061189508467477,60.02047167128293,-23.786560004204617
467,2024-06-01 04:05:10.566,0.0275476428974765,0.0061189508467477,60.02047167128293,-23.786560004204617
468,2024-06-01 04:05:10.623,0.0275476428974765,0.0061189508467477,60.02047167128293,-23.786560004204617
469,2024-06-01 04:05:10.951,0.0275476428974765,0.0061189508467477,60.02047167128293,-23.786560004204617
470,2024-06-01 04:05:10.998,0.0275476428974765,0.0061189508467477,60.02047167128293,-23.786560004204617
471,2024-06-01 04:05:11.134,0.0275476428974765,0.0061189508467477,60.02047167128293,-23.786560004204617
472,2024-06-01 05:18:12.963,0.0088975609590751,-0.0371659150900445,60.01745320652268,-23.81652936269887
473,2024-06-01 05:18:13.135,0.0088975609590751,-0.0371659150900445,60.01745320652268,-23.81652936269887
474,2024-06-01 05:18:13.140,0.0088975609590751,-0.0371659150900445,60.01745320652268,-23.81652936269887
475,2024-06-01 05:18:13.447,0.0088975609590751,-0.0371659150900445,60.01745320652268,-23.81652936269887
476,2024-06-01 05:18:13.586,0.0088975609590751,-0.0371659150900445,60.01745320652268,-23.81652936269887
477,2024-06-01 05:50:32.597,0.0676252371448921,-0.185712350147442,59.99193667127779,-23.7578733372643
478,2024-06-01 05:50:32.690,0.0676252371448921,-0.185712350147442,59.99193667127779,-23.7578733372643
479,2024-06-01 05:50:32.823,0.0676252371448921,-0.185712350147442,59.99193667127779,-23.7578733372643
480,2024-06-01 06:33:40.041,0.0586387373404851,-0.0358704070912964,60.01773000461669,-23.77805000412233
481,2024-06-01 06:33:40.073,0.0586387373404851,-0.0358704070912964,60.01773000461669,-23.77805000412233
482,2024-06-01 06:33:40.304,0.0586387373404851,-0.0358704070912964,60.01773000461669,-23.77805000412233
483,2024-06-01 06:33:40.362,0.0586387373404851,-0.0358704070912964,60.01773000461669,-23.77805000412233
484,2024-06-01 06:33:40.878,0.0586387373404851,-0.0358704070912964,60.01773000461669,-23.77805000412233
485,2024-06-01 07:46:34.904,0.0429327119495051,-0.0867267323446559,60.01914667128332,-23.78133667082064
486,2024-06-01 07:46:34.914,0.0429327119495051,-0.0867267323446559,60.01914667128332,-23.78133667082064
487,2024-06-01 07:46:34.924,0.0429327119495051,-0.0867267323446559,60.01914667128332,-23.78133667082064
488,2024-06-01 07:46:35.233,0.0429327119495051,-0.0867267323446559,60.017177173358746,-23.78155525080933
489,2024-06-01 07:46:35.292,0.0429327119495051,-0.0867267323446559,60.017177173358746,-23.78155525080933
490,2024-06-01 07:48:31.655,0.0329320640815658,-0.0374528440335401,60.01354333795005,-23.7686983373668
491,2024-06-01 07:48:32.100,0.0329320640815658,-0.0374528440335401,60.01354333795005,-23.7686983373668
492,2024-06-01 07:48:32.245,0.0329320640815658,-0.0374528440335401,60.01354333795005,-23.7686983373668
493,2024-06-01 07:48:32.280,0.0329320640815658,-0.0374528440335401,60.01354333795005,-23.7686983373668
494,2024-06-01 07:48:32.479,0.0329320640815658,-0.0374528440335401,60.01354333795005,-23.7686983373668
495,2024-06-01 08:04:00.300,-0.0099630506947681,-0.0706239277522633,60.00343667127872,-23.77673000410811
496,2024-06-01 08:04:00.539,-0.0099630506947681,-0.0706239277522633,60.00343667127872,-23.77673000410811
497,2024-06-01 08:04:00.753,-0.0099630506947681,-0.0706239277522633,60.00343667127872,-23.77673000410811
498,2024-06-01 08:04:00.983,-0.0099630506947681,-0.0706239277522633,60.01838090836641,-23.7794158576379
499,2024-06-01 08:04:00.991,-0.0099630506947681,-0.0706239277522633,60.01838090836641,-23.7794158576379
500,2024-06-01 09:00:15.540,-0.0228061804388514,-0.0901424579362416,60.01247167128154,-23.778221670790025
501,2024-06-01 09:00:15.579,-0.0228061804388514,-0.0901424579362416,60.01247167128154,-23.778221670790025
502,2024-06-01 09:00:15.618,-0.0228061804388514,-0.0901424579362416,60.01247167128154,-23.778221670790025
503,2024-06-01 09:00:15.921,-0.0228061804388514,-0.0901424579362416,60.003746302430685,-23.771649661654298
504,2024-06-01 09:00:16.241,-0.0228061804388514,-0.0901424579362416,60.003746302430685,-23.771649661654298
505,2024-06-01 10:09:58.639,-0.0066660757778634,-0.0808895489657625,60.01661833794921,-23.78091000414958
506,2024-06-01 10:09:59.009,-0.0066660757778634,-0.0808895489657625,60.02048321140989,-23.78311838978672
507,2024-06-01 10:09:59.397,-0.0066660757778634,-0.0808895489657625,60.02048321140989,-23.78311838978672
508,2024-06-01 11:12:24.250,0.137746975673081,-0.119858417610263,60.00506167128618,-23.7311183370281
509,2024-06-01 11:12:24.699,0.137746975673081,-0.119858417610263,60.00506167128618,-23.7311183370281
510,2024-06-01 11:12:24.819,0.137746975673081,-0.119858417610263,60.00506167128618,-23.7311183370281
511,2024-06-01 11:12:25.030,0.137746975673081,-0.119858417610263,60.00506167128618,-23.7311183370281
512,2024-06-01 11:12:25.130,0.137746975673081,-0.119858417610263,60.00506167128618,-23.7311183370281
513,2024-06-01 11:12:25.151,0.137746975673081,-0.119858417610263,60.00506167128618,-23.7311183370281
514,2024-06-01 11:13:07.311,-0.0535328367003633,-0.0548513611481535,60.01902667128276,-23.784588337518667
515,2024-06-01 11:13:07.422,-0.0535328367003633,-0.0548513611481535,60.01902667128276,-23.784588337518667
516,2024-06-01 11:13:07.643,-0.0535328367003633,-0.0548513611481535,60.01902667128276,-23.784588337518667
517,2024-06-01 11:13:07.719,-0.0535328367003633,-0.0548513611481535,60.01902667128276,-23.784588337518667
518,2024-06-01 11:13:07.771,-0.0535328367003633,-0.0548513611481535,60.01902667128276,-23.784588337518667
519,2024-06-01 11:13:07.897,-0.0535328367003633,-0.0548513611481535,60.01902667128276,-23.784588337518667
520,2024-06-01 12:25:05.379,-0.0982780502267747,0.0028202903582828,60.01957960728848,-23.782225123710017
521,2024-06-01 12:25:05.621,-0.0982780502267747,0.0028202903582828,60.01957960728848,-23.782225123710017
522,2024-06-01 12:25:05.700,-0.0982780502267747,0.0028202903582828,60.01957960728848,-23.782225123710017
523,2024-06-01 12:25:05.952,-0.0982780502267747,0.0028202903582828,60.01957960728848,-23.782225123710017
524,2024-06-01 12:25:05.981,-0.0982780502267747,0.0028202903582828,60.01957960728848,-23.782225123710017
525,2024-06-01 13:23:42.979,0.0181005192684266,-0.0727981783541071,60.00715167128105,-23.770093337379155
526,2024-06-01 13:23:43.063,0.0181005192684266,-0.0727981783541071,60.00715167128105,-23.770093337379155
527,2024-06-01 13:23:43.130,0.0181005192684266,-0.0727981783541071,60.00715167128105,-23.770093337379155
528,2024-06-01 13:23:43.788,0.0181005192684266,-0.0727981783541071,60.00715167128105,-23.770093337379155
529,2024-06-01 13:43:54.357,-0.095103219255459,0.041913218987691,60.014495004614766,-23.78329000417224
530,2024-06-01 13:43:54.401,-0.095103219255459,0.041913218987691,60.014495004614766,-23.78329000417224
531,2024-06-01 13:43:54.761,-0.095103219255459,0.041913218987691,60.02116478207786,-23.783612356185586
532,2024-06-01 13:43:54.951,-0.095103219255459,0.041913218987691,60.02116478207786,-23.783612356185586
533,2024-06-01 13:43:55.143,-0.095103219255459,0.041913218987691,60.02116478207786,-23.783612356185586
534,2024-06-01 13:52:55.432,-0.015589443149231,-0.0558837421318963,60.01216833794718,-23.78417167084718
535,2024-06-01 13:52:55.596,-0.015589443149231,-0.0558837421318963,60.01216833794718,-23.78417167084718
536,2024-06-01 13:52:55.750,-0.015589443149231,-0.0558837421318963,60.01216833794718,-23.78417167084718
537,2024-06-01 13:52:55.921,-0.015589443149231,-0.0558837421318963,60.01216833794718,-23.78417167084718
538,2024-06-01 13:52:56.200,-0.015589443149231,-0.0558837421318963,60.01216833794718,-23.78417167084718
539,2024-06-01 13:52:56.268,-0.015589443149231,-0.0558837421318963,60.01216833794718,-23.78417167084718
540,2024-06-01 13:52:56.437,-0.015589443149231,-0.0558837421318963,60.01216833794718,-23.78417167084718
541,2024-06-01 13:52:56.556,-0.015589443149231,-0.0558837421318963,60.01216833794718,-23.78417167084718
542,2024-06-01 13:52:56.570,-0.015589443149231,-0.0558837421318963,60.01216833794718,-23.78417167084718
543,2024-06-01 14:33:41.329,-0.017602967004676,0.171915134338751,60.01611333794858,-23.783726670843325
544,2024-06-01 14:33:41.497,-0.017602967004676,0.171915134338751,60.01611333794858,-23.783726670843325
545,2024-06-01 14:33:41.844,-0.017602967004676,0.171915134338751,60.01611333794858,-23.783726670843325
546,2024-06-01 14:33:42.000,-0.017602967004676,0.171915134338751,60.01611333794858,-23.783726670843325
547,2024-06-01 14:33:42.139,-0.017602967004676,0.171915134338751,60.01611333794858,-23.783726670843325
548,2024-06-01 14:33:42.150,-0.017602967004676,0.171915134338751,60.01611333794858,-23.783726670843325
549,2024-06-01 14:56:55.770,-0.0279733952428113,0.0292502347822195,60.02184333795034,-23.78473833752044
550,2024-06-01 14:56:56.166,-0.0279733952428113,0.0292502347822195,60.02184333795034,-23.78473833752044
551,2024-06-01 14:56:56.643,-0.0279733952428113,0.0292502347822195,60.02184333795034,-23.78473833752044
552,2024-06-01 16:14:28.029,-0.0274535963252076,0.0300051960328602,60.01603667128219,-23.78192167082592
553,2024-06-01 16:14:28.602,-0.0274535963252076,0.0300051960328602,60.01603667128219,-23.78192167082592
554,2024-06-01 16:14:29.020,-0.0274535963252076,0.0300051960328602,60.01603667128219,-23.78192167082592
555,2024-06-01 16:14:29.056,-0.0274535963252076,0.0300051960328602,60.01603667128219,-23.78192167082592
556,2024-06-01 16:14:29.205,-0.0274535963252076,0.0300051960328602,60.01603667128219,-23.78192167082592
557,2024-06-01 16:50:41.243,0.0657649867961319,-0.0666992123806953,60.011866671284494,-23.75823333726981
558,2024-06-01 16:50:41.466,0.0657649867961319,-0.0666992123806953,60.011866671284494,-23.75823333726981
559,2024-06-01 16:50:41.833,0.0657649867961319,-0.0666992123806953,60.011866671284494,-23.75823333726981
560,2024-06-01 16:50:41.879,0.0657649867961319,-0.0666992123806953,60.011866671284494,-23.75823333726981
561,2024-06-01 16:50:42.120,0.0657649867961319,-0.0666992123806953,60.011866671284494,-23.75823333726981
562,2024-06-01 17:31:07.900,0.0376978936851831,0.0036821381495743,60.018218337949946,-23.779603337470576
563,2024-06-01 17:31:07.980,0.0376978936851831,0.0036821381495743,60.018218337949946,-23.779603337470576
564,2024-06-01 17:31:08.005,0.0376978936851831,0.0036821381495743,60.018218337949946,-23.779603337470576
565,2024-06-01 17:31:08.025,0.0376978936851831,0.0036821381495743,60.018218337949946,-23.779603337470576
566,2024-06-01 17:31:08.385,0.0376978936851831,0.0036821381495743,60.018218337949946,-23.779603337470576
567,2024-06-01 17:31:08.511,0.0376978936851831,0.0036821381495743,60.018218337949946,-23.779603337470576
568,2024-06-01 18:08:27.778,0.0347527825392201,-0.0661341745980407,60.00877833794878,-23.766715004014426
569,2024-06-01 18:08:28.344,0.0347527825392201,-0.0661341745980407,60.00877833794878,-23.766715004014426
570,2024-06-01 18:08:28.450,0.0347527825392201,-0.0661341745980407,60.00877833794878,-23.766715004014426
571,2024-06-01 18:08:28.451,0.0347527825392201,-0.0661341745980407,60.00877833794878,-23.766715004014426
572,2024-06-01 18:48:33.246,0.0635587552950477,-0.0650689827049678,60.01829667128339,-23.779048337465248
573,2024-06-01 18:48:33.373,0.0635587552950477,-0.0650689827049678,60.01829667128339,-23.779048337465248
574,2024-06-01 18:48:33.437,0.0635587552950477,-0.0650689827049678,60.01829667128339,-23.779048337465248
575,2024-06-01 18:48:33.760,0.0635587552950477,-0.0650689827049678,60.01829667128339,-23.779048337465248
576,2024-06-01 18:48:33.917,0.0635587552950477,-0.0650689827049678,60.01829667128339,-23.779048337465248
577,2024-06-01 20:05:07.146,0.026878894278921,-0.0954261223571894,60.01297167128182,-23.777638337451187
578,2024-06-01 20:05:07.611,0.026878894278921,-0.0954261223571894,60.01297167128182,-23.777638337451187
579,2024-06-01 20:05:07.904,0.026878894278921,-0.0954261223571894,60.01297167128182,-23.777638337451187
580,2024-06-01 20:18:28.651,0.0134964964473318,-0.0706486736655695,60.008468337947946,-23.7714600040588
581,2024-06-01 21:20:09.970,0.0235167037787002,-0.106096428373233,60.016556671282856,-23.77859333746072
582,2024-06-01 21:20:10.021,0.0235167037787002,-0.106096428373233,60.016556671282856,-23.77859333746072
583,2024-06-01 21:20:10.233,0.0235167037787002,-0.106096428373233,60.016556671282856,-23.77859333746072
584,2024-06-01 22:07:09.044,0.128911790811399,-0.1035978423168,60.009833337953616,-23.73695333707927
585,2024-06-01 22:07:09.170,0.128911790811399,-0.1035978423168,60.009833337953616,-23.73695333707927
586,2024-06-01 22:37:54.439,-0.0212912739087782,-0.0638923562376724,60.019430004616105,-23.78507000419001
587,2024-06-01 22:37:54.735,-0.0212912739087782,-0.0638923562376724,60.019430004616105,-23.78507000419001
588,2024-06-01 22:37:55.098,-0.0212912739087782,-0.0638923562376724,60.019430004616105,-23.78507000419001
589,2024-06-01 23:13:15.960,0.0689567065585272,-0.0988726092794574,60.005610004616514,-23.75267500388524
590,2024-06-01 23:13:16.092,0.0689567065585272,-0.0988726092794574,60.005610004616514,-23.75267500388524
591,2024-06-01 23:13:16.717,0.0689567065585272,-0.0988726092794574,60.005610004616514,-23.75267500388524
592,2024-06-01 23:54:25.242,-0.0757473390956242,-0.013373612796421,60.0127450046145,-23.78125500415244
593,2024-06-01 23:54:25.635,-0.0757473390956242,-0.013373612796421,60.0127450046145,-23.78125500415244
594,2024-06-02 01:10:19.393,-0.0337423467580236,0.0186523633898741,60.020880004616494,-23.78570667086304
595,2024-06-02 01:10:19.475,-0.0337423467580236,0.0186523633898741,60.020880004616494,-23.78570667086304
596,2024-06-02 01:38:29.144,0.0180534451053213,-0.0780359510803738,60.00744000461453,-23.769761670709425
597,2024-06-02 01:38:29.229,0.0180534451053213,-0.0780359510803738,60.00744000461453,-23.769761670709425
598,2024-06-02 02:26:23.407,-0.0496566358031878,0.022816960833664,60.014170004614776,-23.78262333749912
599,2024-06-02 02:26:23.552,-0.0496566358031878,0.022816960833664,60.014170004614776,-23.78262333749912
600,2024-06-02 02:26:23.886,-0.0496566358031878,0.022816960833664,60.014170004614776,-23.78262333749912
601,2024-06-02 03:31:05.874,0.0706539990603448,-0.0818903186350814,60.014132706956,-23.779308293840224
602,2024-06-02 03:31:06.250,0.0706539990603448,-0.0818903186350814,60.014132706956,-23.779308293840224
603,2024-06-02 03:31:06.730,0.0706539990603448,-0.0818903186350814,60.014132706956,-23.779308293840224
604,2024-06-02 03:42:21.628,0.0269405820835539,0.0027473877676227,60.01798422223736,-23.78244459275817
605,2024-06-02 03:42:21.841,0.0269405820835539,0.0027473877676227,60.01798422223736,-23.78244459275817
606,2024-06-02 05:04:54.664,0.0393413848307037,-0.0601116514215041,60.0114666712834,-23.76435667065946
607,2024-06-02 05:04:54.905,0.0393413848307037,-0.0601116514215041,60.0114666712834,-23.76435667065946
608,2024-06-02 06:05:46.700,0.0354634609588421,-0.0588935709011147,60.01322340561161,-23.777327987873704
609,2024-06-02 06:05:46.770,0.0354634609588421,-0.0588935709011147,60.01322340561161,-23.777327987873704
610,2024-06-02 06:05:46.790,0.0354634609588421,-0.0588935709011147,60.01322340561161,-23.777327987873704
611,2024-06-02 07:28:01.328,0.0258133894384627,-0.0705903830999369,60.00832500461518,-23.76746000402132
612,2024-06-02 07:28:01.535,0.0258133894384627,-0.0705903830999369,60.00832500461518,-23.76746000402132
613,2024-06-02 07:30:38.192,0.0495188935196773,-0.0994742425632003,60.0166383379501,-23.77514500409456
614,2024-06-02 08:42:36.191,0.0410950480565121,-0.12439549011616,60.01772667128342,-23.77776667078627
615,2024-06-02 08:42:36.230,0.0410950480565121,-0.12439549011616,60.01772667128342,-23.77776667078627
616,2024-06-02 08:42:36.236,0.0410950480565121,-0.12439549011616,60.01772667128342,-23.77776667078627
617,2024-06-02 08:56:06.369,0.124919021823887,-0.127777133522271,60.00406333795207,-23.734161670387667
618,2024-06-02 08:56:06.582,0.124919021823887,-0.127777133522271,60.00406333795207,-23.734161670387667
619,2024-06-02 09:53:58.386,0.0026901604705255,-0.122423085865029,60.01836167128281,-23.78287667083536
620,2024-06-02 09:53:58.519,0.0026901604705255,-0.122423085865029,60.01836167128281,-23.78287667083536
621,2024-06-02 10:24:26.622,0.0700902076954818,-0.110378680707485,60.000733337948944,-23.74800667050938
622,2024-06-02 10:24:27.100,0.0700902076954818,-0.110378680707485,60.000733337948944,-23.74800667050938
623,2024-06-02 10:24:27.552,0.0700902076954818,-0.110378680707485,60.000733337948944,-23.74800667050938
624,2024-06-02 11:09:43.433,-0.0425413293093711,-0.089301265933832,60.014383337948175,-23.782471670831
625,2024-06-02 11:09:43.536,-0.0425413293093711,-0.089301265933832,60.014383337948175,-23.782471670831
626,2024-06-02 11:09:43.905,-0.0425413293093711,-0.089301265933832,60.014383337948175,-23.782471670831
627,2024-06-02 12:22:36.973,-0.0318385225834457,-0.0620289537745067,60.01854500461598,-23.784211670848283
628,2024-06-02 12:22:37.101,-0.0318385225834457,-0.0620289537745067,60.01854500461598,-23.784211670848283
629,2024-06-02 13:34:32.113,0.0446508730415615,-0.0833450797098863,60.02049036163968,-23.7836657710178
630,2024-06-02 13:34:32.308,0.0446508730415615,-0.0833450797098863,60.02049036163968,-23.7836657710178
631,2024-06-02 13:37:07.435,-0.0587360138575537,-0.0376047397901542,60.016995004615424,-23.784181670847808
632,2024-06-02 13:49:35.457,0.0930972069055752,-0.0927838185983694,60.00958000461836,-23.749433337189792
633,2024-06-02 13:49:35.622,0.0930972069055752,-0.0927838185983694,60.00958000461836,-23.749433337189792
634,2024-06-02 13:49:35.736,0.0930972069055752,-0.0927838185983694,60.00958000461836,-23.749433337189792
635,2024-06-02 14:45:31.984,-0.0144292100189841,-0.0296088703423043,60.01593333794904,-23.78043333747827
636,2024-06-02 15:58:29.807,0.0471597478126023,-0.0795495866460832,60.01196142728142,-23.76834880615344
637,2024-06-02 15:58:30.286,0.0471597478126023,-0.0795495866460832,60.01196142728142,-23.76834880615344
638,2024-06-02 17:04:32.418,0.0217253301228584,-0.078980368708181,60.01200000461525,-23.77500333742602
639,2024-06-02 17:04:33.072,0.0217253301228584,-0.078980368708181,60.01738748711262,-23.781583611767367
640,2024-06-02 18:39:06.590,0.0879535612474416,-0.128564789767762,60.020229368707774,-23.783021992262608
641,2024-06-02 18:39:07.062,0.0879535612474416,-0.128564789767762,60.020229368707774,-23.783021992262608
642,2024-06-02 18:56:29.140,0.018437257559064,-0.0824044703740405,60.00926500461498,-23.77084833738648
643,2024-06-02 18:56:29.280,0.018437257559064,-0.0824044703740405,60.00926500461498,-23.77084833738648
644,2024-06-02 18:56:29.282,0.018437257559064,-0.0824044703740405,60.00926500461498,-23.77084833738648
645,2024-06-02 18:56:29.448,0.018437257559064,-0.0824044703740405,60.00926500461498,-23.77084833738648
646,2024-06-02 19:03:40.611,0.0986806306504244,-0.107745340715376,60.00424833795091,-23.742600003795005
647,2024-06-02 19:03:40.870,0.0986806306504244,-0.107745340715376,60.00424833795091,-23.742600003795005
648,2024-06-02 19:03:40.940,0.0986806306504244,-0.107745340715376,60.00424833795091,-23.742600003795005
649,2024-06-02 19:03:41.205,0.0986806306504244,-0.107745340715376,60.00424833795091,-23.742600003795005
650,2024-06-02 19:54:05.034,0.0864957398936743,-0.175530945183121,60.01205667128358,-23.764353337326163
651,2024-06-02 19:54:05.494,0.0864957398936743,-0.175530945183121,60.01205667128358,-23.764353337326163
652,2024-06-02 19:54:05.635,0.0864957398936743,-0.175530945183121,60.01205667128358,-23.764353337326163
653,2024-06-02 19:54:06.188,0.0864957398936743,-0.175530945183121,60.01205667128358,-23.764353337326163
654,2024-06-02 21:31:00.750,0.0691871560596981,-0.111146238037748,60.00719000461718,-23.7520083372127
655,2024-06-02 21:31:01.292,0.0691871560596981,-0.111146238037748,60.00719000461718,-23.7520083372127
656,2024-06-02 22:57:13.201,0.0330065901621952,-0.173583512648392,59.967376671277016,-23.705971670146475
657,2024-06-02 22:57:14.112,0.0330065901621952,-0.173583512648392,59.967376671277016,-23.705971670146475
658,2024-06-02 23:24:52.526,-0.039319792997062,-0.15128618379757,59.97151167127575,-23.72500333697221
659,2024-06-02 23:24:52.570,-0.039319792997062,-0.15128618379757,59.97151167127575,-23.72500333697221
660,2024-06-02 23:24:52.632,-0.039319792997062,-0.15128618379757,59.97151167127575,-23.72500333697221
661,2024-06-03 00:45:24.906,0.110166869983209,-0.201076608192081,59.94365833793222,-23.73087333701955
662,2024-06-03 00:45:25.201,0.110166869983209,-0.201076608192081,59.94365833793222,-23.73087333701955
663,2024-06-03 00:45:25.428,0.110166869983209,-0.201076608192081,59.94365833793222,-23.73087333701955
664,2024-06-03 00:51:36.604,-0.0631025745442301,-0.115734624266213,59.9587283379396,-23.714458336882185
665,2024-06-03 00:51:36.914,-0.0631025745442301,-0.115734624266213,59.9587283379396,-23.714458336882185
666,2024-06-03 02:04:52.234,-0.0534234954336812,-0.0745359104540969,59.94710814883389,-23.67825241075578
667,2024-06-03 02:04:52.268,-0.0534234954336812,-0.0745359104540969,59.94710814883389,-23.67825241075578
668,2024-06-03 02:04:52.429,-0.0534234954336812,-0.0745359104540969,59.94710814883389,-23.67825241075578
669,2024-06-03 03:13:56.484,0.0240660138900756,-0.0698394479021919,59.997445004628,-23.64735500303356
670,2024-06-03 03:13:56.924,0.0240660138900756,-0.0698394479021919,59.997445004628,-23.64735500303356
671,2024-06-03 03:18:22.247,-0.0462437625685365,-0.0716622411120834,59.93969500460227,-23.696781670069445
672,2024-06-03 03:18:22.561,-0.0462437625685365,-0.0716622411120834,59.94593215715028,-23.766461779598224
673,2024-06-03 03:18:22.795,-0.0462437625685365,-0.0716622411120834,59.94593215715028,-23.766461779598224
674,2024-06-03 04:17:29.068,0.0143280032002183,-0.154882075162496,59.91093500459956,-23.64140500298328
675,2024-06-03 04:17:29.495,0.0143280032002183,-0.154882075162496,59.91093500459956,-23.64140500298328
676,2024-06-03 04:28:01.375,-0.0338367089188834,-0.0698311276093922,59.93139500460091,-23.68594833664969
677,2024-06-03 04:28:02.014,-0.0338367089188834,-0.0698311276093922,59.93139500460091,-23.68594833664969
678,2024-06-03 04:28:02.598,-0.0338367089188834,-0.0698311276093922,59.93139500460091,-23.68594833664969
679,2024-06-03 05:26:36.630,0.0523549993576207,-0.094016598306806,59.93783333792238,-23.78218667081952
680,2024-06-03 05:26:36.796,0.0523549993576207,-0.094016598306806,59.93783333792238,-23.78218667081952
681,2024-06-03 05:42:10.753,0.0029276950589527,-0.076972498633139,59.90597199324249,-23.627336360866
682,2024-06-03 05:44:21.234,0.0029276950589527,-0.076972498633139,59.92324333793337,-23.671438336537427
683,2024-06-03 06:50:42.769,0.0415170952844554,-0.0958359122275325,59.9155900045993,-23.65662833642657
684,2024-06-03 06:50:42.875,0.0415170952844554,-0.0958359122275325,59.89992846329634,-23.61825354247356
685,2024-06-03 09:04:55.304,0.049912996224782,-0.112207327327285,59.99335833796337,-23.61806333616297
686,2024-06-03 09:04:56.144,0.049912996224782,-0.112207327327285,59.99335833796337,-23.61806333616297
687,2024-06-03 09:15:22.052,0.107479345739497,-0.190267472426277,59.89725667126492,-23.613068336121263
688,2024-06-03 10:04:43.627,0.0667434039757574,-0.131634676742838,59.88238333792963,-23.5846333359373
689,2024-06-03 10:04:44.144,0.0667434039757574,-0.131634676742838,59.88238333792963,-23.5846333359373
690,2024-06-03 10:23:58.700,0.106323848276437,-0.203436171574056,59.89550833793152,-23.60831833608977
691,2024-06-03 10:23:58.988,0.106323848276437,-0.203436171574056,59.89550833793152,-23.60831833608977
692,2024-06-03 10:23:59.072,0.106323848276437,-0.203436171574056,59.89550833793152,-23.60831833608977
693,2024-06-03 10:36:40.594,0.131514566272444,-0.148406118700999,59.93348667125623,-23.769815004034967
694,2024-06-03 10:36:40.693,0.131514566272444,-0.148406118700999,59.93348667125623,-23.769815004034967
695,2024-06-03 10:36:40.983,0.131514566272444,-0.148406118700999,59.93348667125623,-23.769815004034967
696,2024-06-03 10:36:41.102,0.131514566272444,-0.148406118700999,59.93348667125623,-23.769815004034967
697,2024-06-03 11:48:55.228,0.0734887329120163,-0.217371621884981,59.89248833793077,-23.605610002738462
698,2024-06-03 11:48:55.242,0.0734887329120163,-0.217371621884981,59.89248833793077,-23.605610002738462
699,2024-06-03 11:48:55.806,0.0734887329120163,-0.217371621884981,59.89248833793077,-23.605610002738462
700,2024-06-03 13:01:02.316,0.0155367265675109,-0.168293391397789,59.89159333793021,-23.608045002754302
701,2024-06-03 13:01:03.261,0.0155367265675109,-0.168293391397789,59.89159333793021,-23.608045002754302
702,2024-06-03 14:08:58.460,-0.0166268540863958,-0.149825710617083,59.89230667126336,-23.611811669445835
703,2024-06-03 14:08:58.552,-0.0166268540863958,-0.149825710617083,59.89230667126336,-23.611811669445835
704,2024-06-03 14:20:13.434,0.0411411088235898,-0.0861945485575519,59.99718333796408,-23.623226669531544
705,2024-06-03 15:08:56.000,0.0,0.0,59.89788567071285,-23.61642469115205
706,2024-06-03 15:10:51.000,0.0,0.0,59.89815345933566,-23.616573035426487
707,2024-06-03 15:33:54.760,0.116435079113006,-0.0844797018749029,59.89524795501056,-23.61567313653336
708,2024-06-03 15:33:54.910,0.116435079113006,-0.0844797018749029,59.89524795501056,-23.61567313653336
709,2024-06-03 15:33:55.297,0.116435079113006,-0.0844797018749029,59.89524795501056,-23.61567313653336
710,2024-06-03 15:33:55.447,0.116435079113006,-0.0844797018749029,59.89524795501056,-23.61567313653336
711,2024-06-03 15:33:55.556,0.116435079113006,-0.0844797018749029,59.89524795501056,-23.61567313653336
712,2024-06-03 15:57:58.049,0.102514639647662,-0.112202792785068,59.99967704898464,-23.630849518542973
713,2024-06-03 15:57:58.348,0.102514639647662,-0.112202792785068,59.99967704898464,-23.630849518542973
714,2024-06-03 15:57:58.927,0.102514639647662,-0.112202792785068,59.99967704898464,-23.630849518542973
715,2024-06-03 15:57:59.076,0.102514639647662,-0.112202792785068,59.99967704898464,-23.630849518542973
716,2024-06-03 18:38:30.007,0.0564061102075539,-0.163536188334217,59.89583500459774,-23.61300833612075
717,2024-06-03 18:38:30.090,0.0564061102075539,-0.163536188334217,59.89583500459774,-23.61300833612075
718,2024-06-03 18:38:30.097,0.0564061102075539,-0.163536188334217,59.89583500459774,-23.61300833612075
719,2024-06-03 18:38:30.267,0.0564061102075539,-0.163536188334217,59.89583500459774,-23.61300833612075
720,2024-06-03 19:43:57.622,0.0347907732032489,-0.0706506744654357,59.88880673749022,-23.595697375651987
721,2024-06-03 19:43:57.969,0.0347907732032489,-0.0706506744654357,59.88880673749022,-23.595697375651987
722,2024-06-03 20:00:58.708,0.0513127854637327,-0.166215481275818,59.88339333792981,-23.586070002613003
723,2024-06-03 20:00:59.053,0.0513127854637327,-0.166215481275818,59.88339333792981,-23.586070002613003
724,2024-06-03 20:35:56.324,0.0903780018489249,-0.110155189181694,59.87986281675095,-23.57634245855968
725,2024-06-03 20:35:56.720,0.0903780018489249,-0.110155189181694,59.87986281675095,-23.57634245855968
726,2024-06-03 20:35:57.183,0.0903780018489249,-0.110155189181694,59.87986281675095,-23.57634245855968
727,2024-06-03 21:14:25.753,0.085892383204799,-0.206045751641456,59.872196671262174,-23.55898666911488
728,2024-06-03 21:14:25.822,0.085892383204799,-0.206045751641456,59.872196671262174,-23.55898666911488
729,2024-06-03 21:45:18.578,0.109393227986882,-0.123455245312758,59.88637500459886,-23.573026669199702
730,2024-06-03 21:45:18.644,0.109393227986882,-0.123455245312758,59.88637500459886,-23.573026669199702
731,2024-06-03 21:45:18.859,0.109393227986882,-0.123455245312758,59.88637500459886,-23.573026669199702
732,2024-06-03 21:45:18.968,0.109393227986882,-0.123455245312758,59.88637500459886,-23.573026669199702
733,2024-06-03 21:45:19.240,0.109393227986882,-0.123455245312758,59.88637500459886,-23.573026669199702
734,2024-06-03 21:45:19.607,0.109393227986882,-0.123455245312758,59.88637500459886,-23.573026669199702
735,2024-06-03 22:21:50.858,0.065642718807448,-0.297142328435976,59.86005167126029,-23.536326668984444
736,2024-06-03 23:25:25.332,0.0342288842729055,-0.26695674081849,59.84872667125839,-23.51550166887044
737,2024-06-04 00:28:05.750,0.0201639584639434,-0.231407334369257,59.83894500459019,-23.495500002099448
738,2024-06-04 00:28:06.335,0.0201639584639434,-0.231407334369257,59.83894500459019,-23.495500002099448
739,2024-06-04 00:31:23.720,0.0683798182029718,-0.109092465470227,59.87039510352489,-23.53747949948418
740,2024-06-04 00:31:24.451,0.0683798182029718,-0.109092465470227,59.87039510352489,-23.53747949948418
741,2024-06-04 01:03:40.523,0.114915437180542,-0.122884456436729,59.8683083585081,-23.53028329203049
742,2024-06-04 01:03:40.605,0.114915437180542,-0.122884456436729,59.8683083585081,-23.53028329203049
743,2024-06-04 01:50:50.180,0.0169610303439753,-0.179951476430123,59.86552581673689,-23.51956715040031
744,2024-06-04 01:50:50.795,0.0169610303439753,-0.179951476430123,59.86552581673689,-23.51956715040031
745,2024-06-04 03:08:12.157,0.0274928886650949,-0.140385769905999,59.82069000458714,-23.458825001920413
746,2024-06-04 03:16:28.978,0.122018329303752,-0.148940621502365,59.84247667126181,-23.4495200018792
747,2024-06-04 03:16:29.416,0.122018329303752,-0.148940621502365,59.84247667126181,-23.4495200018792
748,2024-06-04 05:31:47.660,0.122651132065112,-0.157259559657812,59.81245000458786,-23.411998335047688
749,2024-06-04 05:31:48.259,0.122651132065112,-0.157259559657812,59.81245000458786,-23.411998335047688
750,2024-06-04 05:31:48.406,0.122651132065112,-0.157259559657812,59.81245000458786,-23.411998335047688
751,2024-06-04 05:31:48.453,0.122651132065112,-0.157259559657812,59.81245000458786,-23.411998335047688
752,2024-06-04 05:34:28.401,0.0543579405529426,-0.0671506771568813,59.94463889057541,-23.4521209557504
753,2024-06-04 06:11:25.302,0.125181949582506,-0.137069743158468,59.81052750604308,-23.401260776650066
754,2024-06-04 06:11:25.490,0.125181949582506,-0.137069743158468,59.81052750604308,-23.401260776650066
755,2024-06-04 06:11:25.496,0.125181949582506,-0.137069743158468,59.81052750604308,-23.401260776650066
756,2024-06-04 07:00:10.489,0.153282961232163,-0.19396729821705,59.80773333792208,-23.37586000157052
757,2024-06-04 07:00:10.617,0.153282961232163,-0.19396729821705,59.80773333792208,-23.37586000157052
758,2024-06-04 07:35:31.040,0.124711794168847,-0.14997271908549,59.80649821431224,-23.36586037290471
759,2024-06-04 07:35:31.220,0.124711794168847,-0.14997271908549,59.80649821431224,-23.36586037290471
760,2024-06-04 07:35:31.704,0.124711794168847,-0.14997271908549,59.80649821431224,-23.36586037290471
761,2024-06-04 07:35:32.110,0.124711794168847,-0.14997271908549,59.80649821431224,-23.36586037290471
762,2024-06-04 08:16:59.276,0.20330093504149,-0.234023591837163,59.80575833792345,-23.342878334783368
763,2024-06-04 08:16:59.806,0.20330093504149,-0.234023591837163,59.80575833792345,-23.342878334783368
764,2024-06-04 08:16:59.851,0.20330093504149,-0.234023591837163,59.80575833792345,-23.342878334783368
765,2024-06-04 10:37:28.040,0.210157694335795,-0.277580418796284,59.80361500459098,-23.31603833469221
766,2024-06-04 10:37:28.316,0.210157694335795,-0.277580418796284,59.80361500459098,-23.31603833469221
767,2024-06-04 10:37:28.889,0.210157694335795,-0.277580418796284,59.80361500459098,-23.31603833469221
768,2024-06-04 11:33:30.427,0.0597463238110101,-0.0815785694684195,59.84942298444087,-23.559923564321693
769,2024-06-04 11:36:30.990,0.0598097557403705,-0.0809918586053917,59.80446000388709,-23.318362162848
770,2024-06-04 11:36:31.110,0.0598097557403705,-0.0809918586053917,59.80446000388709,-23.318362162848
771,2024-06-04 11:36:31.661,0.0598097557403705,-0.0809918586053917,59.80446000388709,-23.318362162848
772,2024-06-04 11:49:08.063,0.163266322306596,-0.16738945786688,59.805701207415616,-23.32095544303337
773,2024-06-04 11:49:08.198,0.163266322306596,-0.16738945786688,59.805701207415616,-23.32095544303337
774,2024-06-04 11:49:08.800,0.163266322306596,-0.16738945786688,59.805701207415616,-23.32095544303337
775,2024-06-04 12:14:59.150,0.159975824213386,-0.271638132481483,59.799580004590034,-23.308688334668098
776,2024-06-04 12:14:59.474,0.159975824213386,-0.271638132481483,59.799580004590034,-23.308688334668098
777,2024-06-04 12:28:21.396,0.163053349324368,-0.165390344698462,59.79941667125668,-23.30846000133403
778,2024-06-04 13:25:00.356,0.127542194206319,-0.136606128657005,59.79941667125668,-23.30846000133403
779,2024-06-04 13:25:00.437,0.127542194206319,-0.136606128657005,59.79941667125668,-23.30846000133403
780,2024-06-04 13:25:00.674,0.127542194206319,-0.136606128657005,59.79941667125668,-23.30846000133403
